[{"model": "auth.permission", "pk": 1, "fields": {"name": "Can add log entry", "content_type": 1, "codename": "add_logentry"}}, {"model": "auth.permission", "pk": 2, "fields": {"name": "Can change log entry", "content_type": 1, "codename": "change_logentry"}}, {"model": "auth.permission", "pk": 3, "fields": {"name": "Can delete log entry", "content_type": 1, "codename": "delete_logentry"}}, {"model": "auth.permission", "pk": 4, "fields": {"name": "Can view log entry", "content_type": 1, "codename": "view_logentry"}}, {"model": "auth.permission", "pk": 5, "fields": {"name": "Can add permission", "content_type": 2, "codename": "add_permission"}}, {"model": "auth.permission", "pk": 6, "fields": {"name": "Can change permission", "content_type": 2, "codename": "change_permission"}}, {"model": "auth.permission", "pk": 7, "fields": {"name": "Can delete permission", "content_type": 2, "codename": "delete_permission"}}, {"model": "auth.permission", "pk": 8, "fields": {"name": "Can view permission", "content_type": 2, "codename": "view_permission"}}, {"model": "auth.permission", "pk": 9, "fields": {"name": "Can add group", "content_type": 3, "codename": "add_group"}}, {"model": "auth.permission", "pk": 10, "fields": {"name": "Can change group", "content_type": 3, "codename": "change_group"}}, {"model": "auth.permission", "pk": 11, "fields": {"name": "Can delete group", "content_type": 3, "codename": "delete_group"}}, {"model": "auth.permission", "pk": 12, "fields": {"name": "Can view group", "content_type": 3, "codename": "view_group"}}, {"model": "auth.permission", "pk": 13, "fields": {"name": "Can add content type", "content_type": 4, "codename": "add_contenttype"}}, {"model": "auth.permission", "pk": 14, "fields": {"name": "Can change content type", "content_type": 4, "codename": "change_contenttype"}}, {"model": "auth.permission", "pk": 15, "fields": {"name": "Can delete content type", "content_type": 4, "codename": "delete_contenttype"}}, {"model": "auth.permission", "pk": 16, "fields": {"name": "Can view content type", "content_type": 4, "codename": "view_contenttype"}}, {"model": "auth.permission", "pk": 17, "fields": {"name": "Can add session", "content_type": 5, "codename": "add_session"}}, {"model": "auth.permission", "pk": 18, "fields": {"name": "Can change session", "content_type": 5, "codename": "change_session"}}, {"model": "auth.permission", "pk": 19, "fields": {"name": "Can delete session", "content_type": 5, "codename": "delete_session"}}, {"model": "auth.permission", "pk": 20, "fields": {"name": "Can view session", "content_type": 5, "codename": "view_session"}}, {"model": "auth.permission", "pk": 21, "fields": {"name": "Can add user", "content_type": 6, "codename": "add_user"}}, {"model": "auth.permission", "pk": 22, "fields": {"name": "Can change user", "content_type": 6, "codename": "change_user"}}, {"model": "auth.permission", "pk": 23, "fields": {"name": "Can delete user", "content_type": 6, "codename": "delete_user"}}, {"model": "auth.permission", "pk": 24, "fields": {"name": "Can view user", "content_type": 6, "codename": "view_user"}}, {"model": "auth.permission", "pk": 25, "fields": {"name": "Can add club", "content_type": 7, "codename": "add_club"}}, {"model": "auth.permission", "pk": 26, "fields": {"name": "Can change club", "content_type": 7, "codename": "change_club"}}, {"model": "auth.permission", "pk": 27, "fields": {"name": "Can delete club", "content_type": 7, "codename": "delete_club"}}, {"model": "auth.permission", "pk": 28, "fields": {"name": "Can view club", "content_type": 7, "codename": "view_club"}}, {"model": "auth.permission", "pk": 29, "fields": {"name": "Can add tournament", "content_type": 8, "codename": "add_tournament"}}, {"model": "auth.permission", "pk": 30, "fields": {"name": "Can change tournament", "content_type": 8, "codename": "change_tournament"}}, {"model": "auth.permission", "pk": 31, "fields": {"name": "Can delete tournament", "content_type": 8, "codename": "delete_tournament"}}, {"model": "auth.permission", "pk": 32, "fields": {"name": "Can view tournament", "content_type": 8, "codename": "view_tournament"}}, {"model": "auth.permission", "pk": 33, "fields": {"name": "Can add membership", "content_type": 9, "codename": "add_membership"}}, {"model": "auth.permission", "pk": 34, "fields": {"name": "Can change membership", "content_type": 9, "codename": "change_membership"}}, {"model": "auth.permission", "pk": 35, "fields": {"name": "Can delete membership", "content_type": 9, "codename": "delete_membership"}}, {"model": "auth.permission", "pk": 36, "fields": {"name": "Can view membership", "content_type": 9, "codename": "view_membership"}}, {"model": "auth.permission", "pk": 37, "fields": {"name": "Can add ban", "content_type": 10, "codename": "add_ban"}}, {"model": "auth.permission", "pk": 38, "fields": {"name": "Can change ban", "content_type": 10, "codename": "change_ban"}}, {"model": "auth.permission", "pk": 39, "fields": {"name": "Can delete ban", "content_type": 10, "codename": "delete_ban"}}, {"model": "auth.permission", "pk": 40, "fields": {"name": "Can view ban", "content_type": 10, "codename": "view_ban"}}, {"model": "auth.permission", "pk": 41, "fields": {"name": "Can add application", "content_type": 11, "codename": "add_application"}}, {"model": "auth.permission", "pk": 42, "fields": {"name": "Can change application", "content_type": 11, "codename": "change_application"}}, {"model": "auth.permission", "pk": 43, "fields": {"name": "Can delete application", "content_type": 11, "codename": "delete_application"}}, {"model": "auth.permission", "pk": 44, "fields": {"name": "Can view application", "content_type": 11, "codename": "view_application"}}, {"model": "auth.permission", "pk": 45, "fields": {"name": "Can add member tournament relationship", "content_type": 12, "codename": "add_membertournamentrelationship"}}, {"model": "auth.permission", "pk": 46, "fields": {"name": "Can change member tournament relationship", "content_type": 12, "codename": "change_membertournamentrelationship"}}, {"model": "auth.permission", "pk": 47, "fields": {"name": "Can delete member tournament relationship", "content_type": 12, "codename": "delete_membertournamentrelationship"}}, {"model": "auth.permission", "pk": 48, "fields": {"name": "Can view member tournament relationship", "content_type": 12, "codename": "view_membertournamentrelationship"}}, {"model": "auth.permission", "pk": 49, "fields": {"name": "Can add stage interface", "content_type": 13, "codename": "add_stageinterface"}}, {"model": "auth.permission", "pk": 50, "fields": {"name": "Can change stage interface", "content_type": 13, "codename": "change_stageinterface"}}, {"model": "auth.permission", "pk": 51, "fields": {"name": "Can delete stage interface", "content_type": 13, "codename": "delete_stageinterface"}}, {"model": "auth.permission", "pk": 52, "fields": {"name": "Can view stage interface", "content_type": 13, "codename": "view_stageinterface"}}, {"model": "auth.permission", "pk": 53, "fields": {"name": "Can add group stage", "content_type": 14, "codename": "add_groupstage"}}, {"model": "auth.permission", "pk": 54, "fields": {"name": "Can change group stage", "content_type": 14, "codename": "change_groupstage"}}, {"model": "auth.permission", "pk": 55, "fields": {"name": "Can delete group stage", "content_type": 14, "codename": "delete_groupstage"}}, {"model": "auth.permission", "pk": 56, "fields": {"name": "Can view group stage", "content_type": 14, "codename": "view_groupstage"}}, {"model": "auth.permission", "pk": 57, "fields": {"name": "Can add knockout stage", "content_type": 15, "codename": "add_knockoutstage"}}, {"model": "auth.permission", "pk": 58, "fields": {"name": "Can change knockout stage", "content_type": 15, "codename": "change_knockoutstage"}}, {"model": "auth.permission", "pk": 59, "fields": {"name": "Can delete knockout stage", "content_type": 15, "codename": "delete_knockoutstage"}}, {"model": "auth.permission", "pk": 60, "fields": {"name": "Can view knockout stage", "content_type": 15, "codename": "view_knockoutstage"}}, {"model": "auth.permission", "pk": 61, "fields": {"name": "Can add organiser", "content_type": 16, "codename": "add_organiser"}}, {"model": "auth.permission", "pk": 62, "fields": {"name": "Can change organiser", "content_type": 16, "codename": "change_organiser"}}, {"model": "auth.permission", "pk": 63, "fields": {"name": "Can delete organiser", "content_type": 16, "codename": "delete_organiser"}}, {"model": "auth.permission", "pk": 64, "fields": {"name": "Can view organiser", "content_type": 16, "codename": "view_organiser"}}, {"model": "auth.permission", "pk": 65, "fields": {"name": "Can add participant", "content_type": 17, "codename": "add_participant"}}, {"model": "auth.permission", "pk": 66, "fields": {"name": "Can change participant", "content_type": 17, "codename": "change_participant"}}, {"model": "auth.permission", "pk": 67, "fields": {"name": "Can delete participant", "content_type": 17, "codename": "delete_participant"}}, {"model": "auth.permission", "pk": 68, "fields": {"name": "Can view participant", "content_type": 17, "codename": "view_participant"}}, {"model": "auth.permission", "pk": 69, "fields": {"name": "Can add match", "content_type": 18, "codename": "add_match"}}, {"model": "auth.permission", "pk": 70, "fields": {"name": "Can change match", "content_type": 18, "codename": "change_match"}}, {"model": "auth.permission", "pk": 71, "fields": {"name": "Can delete match", "content_type": 18, "codename": "delete_match"}}, {"model": "auth.permission", "pk": 72, "fields": {"name": "Can view match", "content_type": 18, "codename": "view_match"}}, {"model": "auth.permission", "pk": 73, "fields": {"name": "Can add single group", "content_type": 19, "codename": "add_singlegroup"}}, {"model": "auth.permission", "pk": 74, "fields": {"name": "Can change single group", "content_type": 19, "codename": "change_singlegroup"}}, {"model": "auth.permission", "pk": 75, "fields": {"name": "Can delete single group", "content_type": 19, "codename": "delete_singlegroup"}}, {"model": "auth.permission", "pk": 76, "fields": {"name": "Can view single group", "content_type": 19, "codename": "view_singlegroup"}}, {"model": "contenttypes.contenttype", "pk": 1, "fields": {"app_label": "admin", "model": "logentry"}}, {"model": "contenttypes.contenttype", "pk": 2, "fields": {"app_label": "auth", "model": "permission"}}, {"model": "contenttypes.contenttype", "pk": 3, "fields": {"app_label": "auth", "model": "group"}}, {"model": "contenttypes.contenttype", "pk": 4, "fields": {"app_label": "contenttypes", "model": "contenttype"}}, {"model": "contenttypes.contenttype", "pk": 5, "fields": {"app_label": "sessions", "model": "session"}}, {"model": "contenttypes.contenttype", "pk": 6, "fields": {"app_label": "clubs", "model": "user"}}, {"model": "contenttypes.contenttype", "pk": 7, "fields": {"app_label": "clubs", "model": "club"}}, {"model": "contenttypes.contenttype", "pk": 8, "fields": {"app_label": "clubs", "model": "tournament"}}, {"model": "contenttypes.contenttype", "pk": 9, "fields": {"app_label": "clubs", "model": "membership"}}, {"model": "contenttypes.contenttype", "pk": 10, "fields": {"app_label": "clubs", "model": "ban"}}, {"model": "contenttypes.contenttype", "pk": 11, "fields": {"app_label": "clubs", "model": "application"}}, {"model": "contenttypes.contenttype", "pk": 12, "fields": {"app_label": "clubs", "model": "membertournamentrelationship"}}, {"model": "contenttypes.contenttype", "pk": 13, "fields": {"app_label": "clubs", "model": "stageinterface"}}, {"model": "contenttypes.contenttype", "pk": 14, "fields": {"app_label": "clubs", "model": "groupstage"}}, {"model": "contenttypes.contenttype", "pk": 15, "fields": {"app_label": "clubs", "model": "knockoutstage"}}, {"model": "contenttypes.contenttype", "pk": 16, "fields": {"app_label": "clubs", "model": "organiser"}}, {"model": "contenttypes.contenttype", "pk": 17, "fields": {"app_label": "clubs", "model": "participant"}}, {"model": "contenttypes.contenttype", "pk": 18, "fields": {"app_label": "clubs", "model": "match"}}, {"model": "contenttypes.contenttype", "pk": 19, "fields": {"app_label": "clubs", "model": "singlegroup"}}, {"model": "clubs.user", "pk": 243, "fields": {"password": "pbkdf2_sha256$260000$Y1LwU9qNycv1g9lcwqft4l$JWkjHxQ9dAjlZIYXdYmbhQETmItCeVzYB07/e4S4DdU=", "last_login": null, "is_superuser": false, "is_staff": false, "is_active": true, "date_joined": "2021-12-10T12:11:05.628Z", "username": "User0", "last_name": "Sharp", "first_name": "Mohammad", "email": "0@example.org", "bio": "", "experience": 1, "groups": [], "user_permissions": []}}, {"model": "clubs.user", "pk": 244, "fields": {"password": "pbkdf2_sha256$260000$8xSAx0Buda1jWCuYQUUw9Q$YTxu1dHigR3D8lKfnDhbXYJVo13wQKTnSPqdfm4zH8A=", "last_login": null, "is_superuser": false, "is_staff": false, "is_active": true, "date_joined": "2021-12-10T12:11:06.437Z", "username": "User1", "last_name": "Cross", "first_name": "Joanna", "email": "1@example.org", "bio": "", "experience": 2, "groups": [], "user_permissions": []}}, {"model": "clubs.user", "pk": 245, "fields": {"password": "pbkdf2_sha256$260000$lE8K2Ha1k6J0cb93iNwN93$C9RKjxdk+RYUqMrnPRGKX/6kaiC+M5E82Sgxlgs3M2o=", "last_login": null, "is_superuser": false, "is_staff": false, "is_active": true, "date_joined": "2021-12-10T12:11:07.262Z", "username": "User2", "last_name": "Baxter", "first_name": "Suzanne", "email": "2@example.org", "bio": "", "experience": 3, "groups": [], "user_permissions": []}}, {"model": "clubs.user", "pk": 246, "fields": {"password": "pbkdf2_sha256$260000$AVygLWJVQojZWHKymWkdtA$iMr/Ff1yH+Tr5aTToEzr5V3YVdKzZCZQsrqMzk266C0=", "last_login": null, "is_superuser": false, "is_staff": false, "is_active": true, "date_joined": "2021-12-10T12:11:07.886Z", "username": "User3", "last_name": "Bishop", "first_name": "Grace", "email": "3@example.org", "bio": "", "experience": 1, "groups": [], "user_permissions": []}}, {"model": "clubs.user", "pk": 247, "fields": {"password": "pbkdf2_sha256$260000$uLLdlc5Dm73OXCRzdTXvDx$cgEkzwBzqdty2q7RUYiXj1pLf9+Y8KXxnc+tRBxg/zM=", "last_login": null, "is_superuser": false, "is_staff": false, "is_active": true, "date_joined": "2021-12-10T12:11:08.503Z", "username": "User4", "last_name": "Hawkins", "first_name": "Jamie", "email": "4@example.org", "bio": "", "experience": 2, "groups": [], "user_permissions": []}}, {"model": "clubs.user", "pk": 248, "fields": {"password": "pbkdf2_sha256$260000$fyc84lrFumyQawuR7MLbU4$Ls1YJLQtpvGasRl785ZazY7dZrD6WJz2lxse/LdyDK0=", "last_login": null, "is_superuser": false, "is_staff": false, "is_active": true, "date_joined": "2021-12-10T12:11:09.114Z", "username": "User5", "last_name": "Smith", "first_name": "Aaron", "email": "5@example.org", "bio": "", "experience": 3, "groups": [], "user_permissions": []}}, {"model": "clubs.user", "pk": 249, "fields": {"password": "pbkdf2_sha256$260000$p5rhDqNuKlAvctv3PXwSS6$mozOvjCO1eacw+MLYhFSgLoYyOk6Q/KqLQ1di0S/hgI=", "last_login": null, "is_superuser": false, "is_staff": false, "is_active": true, "date_joined": "2021-12-10T12:11:09.731Z", "username": "User6", "last_name": "Wilson", "first_name": "Shane", "email": "6@example.org", "bio": "", "experience": 1, "groups": [], "user_permissions": []}}, {"model": "clubs.user", "pk": 250, "fields": {"password": "pbkdf2_sha256$260000$O594CVc3EOMUpvlk4Ikevy$f+v4zFq+J1tDuKbBeVjH8BwJoFZd9E23WPQNINg4+oU=", "last_login": null, "is_superuser": false, "is_staff": false, "is_active": true, "date_joined": "2021-12-10T12:11:10.320Z", "username": "User7", "last_name": "Marshall", "first_name": "Arthur", "email": "7@example.org", "bio": "", "experience": 2, "groups": [], "user_permissions": []}}, {"model": "clubs.user", "pk": 251, "fields": {"password": "pbkdf2_sha256$260000$JNHBSlzPD3Cs3w3fOzLXes$iX3i1X4Au/tvpLPBhStEEzQ2WrQlg6tPreqtU1eqEGQ=", "last_login": null, "is_superuser": false, "is_staff": false, "is_active": true, "date_joined": "2021-12-10T12:11:10.911Z", "username": "User8", "last_name": "Reid", "first_name": "Jake", "email": "8@example.org", "bio": "", "experience": 3, "groups": [], "user_permissions": []}}, {"model": "clubs.user", "pk": 252, "fields": {"password": "pbkdf2_sha256$260000$8y3JrEbotG88q8hPd1YV1B$Hp8URw1fc6Db1amu9ikyCgFkalG1JsCxhUaWTT25u6g=", "last_login": null, "is_superuser": false, "is_staff": false, "is_active": true, "date_joined": "2021-12-10T12:11:11.505Z", "username": "User9", "last_name": "Clayton", "first_name": "Mandy", "email": "9@example.org", "bio": "", "experience": 1, "groups": [], "user_permissions": []}}, {"model": "clubs.user", "pk": 253, "fields": {"password": "pbkdf2_sha256$260000$B9yx20heGIJZHBnmyRny3y$quOI7Y7x2ahTugDyOaTYuYk2euFphE9HUn58E9Yj0wA=", "last_login": null, "is_superuser": false, "is_staff": false, "is_active": true, "date_joined": "2021-12-10T12:11:12.119Z", "username": "User10", "last_name": "Bailey", "first_name": "Terry", "email": "10@example.org", "bio": "", "experience": 2, "groups": [], "user_permissions": []}}, {"model": "clubs.user", "pk": 254, "fields": {"password": "pbkdf2_sha256$260000$vHxvou6JE236okKqOjqVfy$pEcULrnAh9kCTXLWiAlEWxyCpNETiWvKijNiqV7ismg=", "last_login": null, "is_superuser": false, "is_staff": false, "is_active": true, "date_joined": "2021-12-10T12:11:12.748Z", "username": "User11", "last_name": "Bevan", "first_name": "Peter", "email": "11@example.org", "bio": "", "experience": 3, "groups": [], "user_permissions": []}}, {"model": "clubs.user", "pk": 255, "fields": {"password": "pbkdf2_sha256$260000$53pk6hk5xjACv2VDsO5SoW$MSAcmT+UA0GOSIXzgMQk55v5CcZq7mJp516DsdaXba8=", "last_login": null, "is_superuser": false, "is_staff": false, "is_active": true, "date_joined": "2021-12-10T12:11:13.338Z", "username": "User12", "last_name": "Carpenter", "first_name": "Frances", "email": "12@example.org", "bio": "", "experience": 1, "groups": [], "user_permissions": []}}, {"model": "clubs.user", "pk": 256, "fields": {"password": "pbkdf2_sha256$260000$5LXbilqnyPZ07VqxXxwOZI$7H544YRZnkc0SvB7VnAT83Ce0r0uDbowpyRURdDI2MY=", "last_login": null, "is_superuser": false, "is_staff": false, "is_active": true, "date_joined": "2021-12-10T12:11:14.032Z", "username": "User13", "last_name": "Lawrence", "first_name": "Gavin", "email": "13@example.org", "bio": "", "experience": 2, "groups": [], "user_permissions": []}}, {"model": "clubs.user", "pk": 257, "fields": {"password": "pbkdf2_sha256$260000$THtDGduCNTWpCbZ9xSAMJL$b67gaStzq0y5OBROwCYjxfIpkjJ2YFpCOdUh2FHbwXM=", "last_login": null, "is_superuser": false, "is_staff": false, "is_active": true, "date_joined": "2021-12-10T12:11:14.779Z", "username": "User14", "last_name": "Adams", "first_name": "Nathan", "email": "14@example.org", "bio": "", "experience": 3, "groups": [], "user_permissions": []}}, {"model": "clubs.user", "pk": 258, "fields": {"password": "pbkdf2_sha256$260000$WbBupwwVmogifpwY3FHbHT$akN+FZZeZSMCybicyTPAPuycRcI/xQe10Ku77lYGRd8=", "last_login": null, "is_superuser": false, "is_staff": false, "is_active": true, "date_joined": "2021-12-10T12:11:15.559Z", "username": "User15", "last_name": "Smith", "first_name": "Keith", "email": "15@example.org", "bio": "", "experience": 1, "groups": [], "user_permissions": []}}, {"model": "clubs.user", "pk": 259, "fields": {"password": "pbkdf2_sha256$260000$eHHgkXajYGhgmy78p98O4F$WTrKzf64gN4VHBfXNMhDG/Ickax+KvFYiayPrxd/KYc=", "last_login": null, "is_superuser": false, "is_staff": false, "is_active": true, "date_joined": "2021-12-10T12:11:16.408Z", "username": "User16", "last_name": "Roberts", "first_name": "Abigail", "email": "16@example.org", "bio": "", "experience": 2, "groups": [], "user_permissions": []}}, {"model": "clubs.user", "pk": 260, "fields": {"password": "pbkdf2_sha256$260000$RXDiMb77WSIpaoJX115szc$8gc85RToXkDR0fM2DrY8Wcx00DpVHNQcN3a4V9a0pvg=", "last_login": null, "is_superuser": false, "is_staff": false, "is_active": true, "date_joined": "2021-12-10T12:11:17.255Z", "username": "User17", "last_name": "Stewart", "first_name": "Mohammed", "email": "17@example.org", "bio": "", "experience": 3, "groups": [], "user_permissions": []}}, {"model": "clubs.user", "pk": 261, "fields": {"password": "pbkdf2_sha256$260000$brEegjCImi7dJOPgFzWfQn$C/3uJyC3Ut/6rjOBWivcJdINqZzU7zsRfePnRBRvTnI=", "last_login": null, "is_superuser": false, "is_staff": false, "is_active": true, "date_joined": "2021-12-10T12:11:17.858Z", "username": "User18", "last_name": "Hancock", "first_name": "Hollie", "email": "18@example.org", "bio": "", "experience": 1, "groups": [], "user_permissions": []}}, {"model": "clubs.user", "pk": 262, "fields": {"password": "pbkdf2_sha256$260000$z1XNB3NQFTtOa1pm4ZK5XG$B87888OFHfKIEHFxf9FcukoM+R81LgyxARrZ1HmOoy0=", "last_login": null, "is_superuser": false, "is_staff": false, "is_active": true, "date_joined": "2021-12-10T12:11:18.473Z", "username": "User19", "last_name": "Jones", "first_name": "Kate", "email": "19@example.org", "bio": "", "experience": 2, "groups": [], "user_permissions": []}}, {"model": "clubs.user", "pk": 263, "fields": {"password": "pbkdf2_sha256$260000$RPhOFRjmA6wcDJYqUFVE6l$npXEdY2PNUY3OeYBq0sQjqwcq41jDuo+ORAvnI9c6FY=", "last_login": null, "is_superuser": false, "is_staff": false, "is_active": true, "date_joined": "2021-12-10T12:11:19.070Z", "username": "User20", "last_name": "Smith", "first_name": "Jordan", "email": "20@example.org", "bio": "", "experience": 3, "groups": [], "user_permissions": []}}, {"model": "clubs.user", "pk": 264, "fields": {"password": "pbkdf2_sha256$260000$68jPsI3NezaMB9kts8Gss2$fKN9HjcqfYJgK+JMBkzsg7HdP5Bc9e7Vr58ATfL+Qi8=", "last_login": null, "is_superuser": false, "is_staff": false, "is_active": true, "date_joined": "2021-12-10T12:11:19.707Z", "username": "User21", "last_name": "Collins", "first_name": "Heather", "email": "21@example.org", "bio": "", "experience": 1, "groups": [], "user_permissions": []}}, {"model": "clubs.user", "pk": 265, "fields": {"password": "pbkdf2_sha256$260000$Bba96GVSSMjMFe1ccQQvf6$E5l7otFpGST+cj+t5ZTDdKGAYyvd4lfAT7XQ4ClMweY=", "last_login": null, "is_superuser": false, "is_staff": false, "is_active": true, "date_joined": "2021-12-10T12:11:20.296Z", "username": "User22", "last_name": "Jones", "first_name": "Reece", "email": "22@example.org", "bio": "", "experience": 2, "groups": [], "user_permissions": []}}, {"model": "clubs.user", "pk": 266, "fields": {"password": "pbkdf2_sha256$260000$veKMBOPyhwvadxUlpYvh9v$kBGudBV8fnY8hEDu3J+dmUgJem+CYbeytLIklAkDZOc=", "last_login": null, "is_superuser": false, "is_staff": false, "is_active": true, "date_joined": "2021-12-10T12:11:20.913Z", "username": "User23", "last_name": "French", "first_name": "Jemma", "email": "23@example.org", "bio": "", "experience": 3, "groups": [], "user_permissions": []}}, {"model": "clubs.user", "pk": 267, "fields": {"password": "pbkdf2_sha256$260000$gEDtWCMHjQwAiJzmQPlRXf$LIdXEH/SDj4u4lBRxuy5sK4xP14q1UruNcV/hjbS2Gw=", "last_login": null, "is_superuser": false, "is_staff": false, "is_active": true, "date_joined": "2021-12-10T12:11:21.550Z", "username": "User24", "last_name": "Willis", "first_name": "Abbie", "email": "24@example.org", "bio": "", "experience": 1, "groups": [], "user_permissions": []}}, {"model": "clubs.user", "pk": 268, "fields": {"password": "pbkdf2_sha256$260000$yu0Nq7jOHXYoX8MtjFMdLV$zlmtEiE0YWPkSqY+poO4kkBfN+VuJ3y5lfKcdiBIxlU=", "last_login": null, "is_superuser": false, "is_staff": false, "is_active": true, "date_joined": "2021-12-10T12:11:22.179Z", "username": "User25", "last_name": "Dixon", "first_name": "Norman", "email": "25@example.org", "bio": "", "experience": 2, "groups": [], "user_permissions": []}}, {"model": "clubs.user", "pk": 269, "fields": {"password": "pbkdf2_sha256$260000$wjC6pjwn32WHP0S6OAjgLT$Plwh2Vezg4HNEbqsnZVEzyKVkskcwiVRNrCofcHFYHc=", "last_login": null, "is_superuser": false, "is_staff": false, "is_active": true, "date_joined": "2021-12-10T12:11:22.849Z", "username": "User26", "last_name": "Ashton", "first_name": "Janice", "email": "26@example.org", "bio": "", "experience": 3, "groups": [], "user_permissions": []}}, {"model": "clubs.user", "pk": 270, "fields": {"password": "pbkdf2_sha256$260000$PIgz1QGrRg75rqdAWe1LQY$dRmtuKKHmj1ski0CoSswszDxRnlDptJg6SZkN3+L/vA=", "last_login": null, "is_superuser": false, "is_staff": false, "is_active": true, "date_joined": "2021-12-10T12:11:23.494Z", "username": "User27", "last_name": "Thorpe", "first_name": "Katherine", "email": "27@example.org", "bio": "", "experience": 1, "groups": [], "user_permissions": []}}, {"model": "clubs.user", "pk": 271, "fields": {"password": "pbkdf2_sha256$260000$xeuaS8PI5SkTb0briI8LjL$SYfeKUtNRCqD8YKJUJMZpi754Bn4I7zkBrBTX0rd5tg=", "last_login": null, "is_superuser": false, "is_staff": false, "is_active": true, "date_joined": "2021-12-10T12:11:24.206Z", "username": "User28", "last_name": "Jenkins", "first_name": "Hazel", "email": "28@example.org", "bio": "", "experience": 2, "groups": [], "user_permissions": []}}, {"model": "clubs.user", "pk": 272, "fields": {"password": "pbkdf2_sha256$260000$2auJIyv6BPF4u1IWWALGyL$JR/LFnbTwbc0VCSEc6EtNQE3ByD4h/DIvR5KzO7sRwg=", "last_login": null, "is_superuser": false, "is_staff": false, "is_active": true, "date_joined": "2021-12-10T12:11:25.015Z", "username": "User29", "last_name": "Archer", "first_name": "Dale", "email": "29@example.org", "bio": "", "experience": 3, "groups": [], "user_permissions": []}}, {"model": "clubs.user", "pk": 273, "fields": {"password": "pbkdf2_sha256$260000$kr1ojSFRHj66hHNJ6KkDH3$mEIOjxyk7jbWWU0jJcAqJ4MVqmrkTGtYWsOHznDQjeY=", "last_login": null, "is_superuser": false, "is_staff": false, "is_active": true, "date_joined": "2021-12-10T12:11:25.902Z", "username": "User30", "last_name": "Ali", "first_name": "Roger", "email": "30@example.org", "bio": "", "experience": 1, "groups": [], "user_permissions": []}}, {"model": "clubs.user", "pk": 274, "fields": {"password": "pbkdf2_sha256$260000$bTXxOzO2e0slbAi9ct1Z6K$znQo5bU/1Nk2rK/AAE7RJBQhry+vkn0GOWvkmgrvRSw=", "last_login": null, "is_superuser": false, "is_staff": false, "is_active": true, "date_joined": "2021-12-10T12:11:26.801Z", "username": "User31", "last_name": "Higgins", "first_name": "Annette", "email": "31@example.org", "bio": "", "experience": 2, "groups": [], "user_permissions": []}}, {"model": "clubs.user", "pk": 275, "fields": {"password": "pbkdf2_sha256$260000$B92UFKd4DfX0JNItDf22BO$J9/XG+usybMzfIUaVo3HXW+7tEuKPVg4PFhbH5bupWo=", "last_login": null, "is_superuser": false, "is_staff": false, "is_active": true, "date_joined": "2021-12-10T12:11:27.571Z", "username": "User32", "last_name": "Richardson", "first_name": "Judith", "email": "32@example.org", "bio": "", "experience": 3, "groups": [], "user_permissions": []}}, {"model": "clubs.user", "pk": 276, "fields": {"password": "pbkdf2_sha256$260000$UGoXPlsRTlldIkzR4CyAqt$axc9CvmLBo1QdLXRS6C2h2dPtsKgE7KrBooOIld2aCo=", "last_login": null, "is_superuser": false, "is_staff": false, "is_active": true, "date_joined": "2021-12-10T12:11:28.222Z", "username": "User33", "last_name": "Baker", "first_name": "Abbie", "email": "33@example.org", "bio": "", "experience": 1, "groups": [], "user_permissions": []}}, {"model": "clubs.user", "pk": 277, "fields": {"password": "pbkdf2_sha256$260000$nf7xjHxiHmpvwVdaL4lucs$gGo6x+0tOApkfJ85/x6I/16Cb/z7HhshtjEJ8Gr2TZY=", "last_login": null, "is_superuser": false, "is_staff": false, "is_active": true, "date_joined": "2021-12-10T12:11:28.892Z", "username": "User34", "last_name": "Jackson", "first_name": "Jasmine", "email": "34@example.org", "bio": "", "experience": 2, "groups": [], "user_permissions": []}}, {"model": "clubs.user", "pk": 278, "fields": {"password": "pbkdf2_sha256$260000$rwfgHCSqUQ515AssddLwU1$7m1R+CWMAgifDv/k5+8puGOCG+iTof5i1ENd57X2gc8=", "last_login": null, "is_superuser": false, "is_staff": false, "is_active": true, "date_joined": "2021-12-10T12:11:29.520Z", "username": "User35", "last_name": "Whitehead", "first_name": "Lynne", "email": "35@example.org", "bio": "", "experience": 3, "groups": [], "user_permissions": []}}, {"model": "clubs.user", "pk": 279, "fields": {"password": "pbkdf2_sha256$260000$MYexb8MMndnp2ttc5awNKG$JPs+6G2jhSkrLljRxxU2/fbTR2FuUGeUVskAUASFVFo=", "last_login": null, "is_superuser": false, "is_staff": false, "is_active": true, "date_joined": "2021-12-10T12:11:30.098Z", "username": "User36", "last_name": "Quinn", "first_name": "Carole", "email": "36@example.org", "bio": "", "experience": 1, "groups": [], "user_permissions": []}}, {"model": "clubs.user", "pk": 280, "fields": {"password": "pbkdf2_sha256$260000$GZ3RYwbzCgWIukxCuYHTOf$f2iMVGg4haSypqcqUVBnpHVg8Th7Gv6RNaWDvDAIUFs=", "last_login": null, "is_superuser": false, "is_staff": false, "is_active": true, "date_joined": "2021-12-10T12:11:30.726Z", "username": "User37", "last_name": "Thompson", "first_name": "Angela", "email": "37@example.org", "bio": "", "experience": 2, "groups": [], "user_permissions": []}}, {"model": "clubs.user", "pk": 281, "fields": {"password": "pbkdf2_sha256$260000$3zt35OHb7CigAZnVphd0VE$k7Z2jUcojBlRZ+s0Kejs+VcPK2RekZv4NXdREQDV5AA=", "last_login": null, "is_superuser": false, "is_staff": false, "is_active": true, "date_joined": "2021-12-10T12:11:31.363Z", "username": "User38", "last_name": "Lee", "first_name": "Allan", "email": "38@example.org", "bio": "", "experience": 3, "groups": [], "user_permissions": []}}, {"model": "clubs.user", "pk": 282, "fields": {"password": "pbkdf2_sha256$260000$agd7TMGR0Up7vi180jhieD$oj6kVYtfs90R1WFJZptqBgg0CAhrZ9i5mSOXv0wS5Ac=", "last_login": null, "is_superuser": false, "is_staff": false, "is_active": true, "date_joined": "2021-12-10T12:11:31.964Z", "username": "User39", "last_name": "Riley", "first_name": "Harriet", "email": "39@example.org", "bio": "", "experience": 1, "groups": [], "user_permissions": []}}, {"model": "clubs.user", "pk": 283, "fields": {"password": "pbkdf2_sha256$260000$xbJOIwyMZcWX2xqcLIydEN$7ZhL9IR9QmSNoxzD8ueyRPziN1zxku48T0H2EqXDTBU=", "last_login": null, "is_superuser": false, "is_staff": false, "is_active": true, "date_joined": "2021-12-10T12:11:32.616Z", "username": "User40", "last_name": "Baker", "first_name": "Zoe", "email": "40@example.org", "bio": "", "experience": 2, "groups": [], "user_permissions": []}}, {"model": "clubs.user", "pk": 284, "fields": {"password": "pbkdf2_sha256$260000$QBOQOzZaZKGPAqjDQKfre3$wGYJ4BpRaJ/wXxbju6LdBWQDQmVFrPQHl6nxExk9cgk=", "last_login": null, "is_superuser": false, "is_staff": false, "is_active": true, "date_joined": "2021-12-10T12:11:33.280Z", "username": "User41", "last_name": "Webster", "first_name": "Amanda", "email": "41@example.org", "bio": "", "experience": 3, "groups": [], "user_permissions": []}}, {"model": "clubs.user", "pk": 285, "fields": {"password": "pbkdf2_sha256$260000$8Ol7aaZE5P0Ql2WAKuPJ39$HDP6LxrT0aw862hSDzY7NT/ecsEKortY/QqQxtnZGPo=", "last_login": null, "is_superuser": false, "is_staff": false, "is_active": true, "date_joined": "2021-12-10T12:11:34.211Z", "username": "User42", "last_name": "Parkes", "first_name": "Gail", "email": "42@example.org", "bio": "", "experience": 1, "groups": [], "user_permissions": []}}, {"model": "clubs.user", "pk": 286, "fields": {"password": "pbkdf2_sha256$260000$Qswtzg19UaitK0eBvgG41T$4qF+jx8oL6Kx1PDPSaiwT2WRClYKsMXEWryI/g6cofU=", "last_login": null, "is_superuser": false, "is_staff": false, "is_active": true, "date_joined": "2021-12-10T12:11:35.096Z", "username": "User43", "last_name": "Adams", "first_name": "Bradley", "email": "43@example.org", "bio": "", "experience": 2, "groups": [], "user_permissions": []}}, {"model": "clubs.user", "pk": 287, "fields": {"password": "pbkdf2_sha256$260000$TJ1XYQKkgT8QZcTD4PJAF0$9WFUW2wZo/Ztb3tUW+9klelQ3VpbxwDzrqw6OnswNQo=", "last_login": null, "is_superuser": false, "is_staff": false, "is_active": true, "date_joined": "2021-12-10T12:11:35.963Z", "username": "User44", "last_name": "Wright", "first_name": "Louise", "email": "44@example.org", "bio": "", "experience": 3, "groups": [], "user_permissions": []}}, {"model": "clubs.user", "pk": 288, "fields": {"password": "pbkdf2_sha256$260000$mW5v2SieDrsOnNyu7T85jH$bLGudfnwZF1AdvqJK7jasT0fDyqqaN/KtPNJMf4vxJI=", "last_login": null, "is_superuser": false, "is_staff": false, "is_active": true, "date_joined": "2021-12-10T12:11:36.595Z", "username": "User45", "last_name": "Webb", "first_name": "Timothy", "email": "45@example.org", "bio": "", "experience": 1, "groups": [], "user_permissions": []}}, {"model": "clubs.user", "pk": 289, "fields": {"password": "pbkdf2_sha256$260000$gil7BRG2R5hse4hbFcS01u$Xek+0RM2O7UHJzLO6nrB6gqQ+8zJxoJ1a01InlPTs9k=", "last_login": null, "is_superuser": false, "is_staff": false, "is_active": true, "date_joined": "2021-12-10T12:11:37.261Z", "username": "User46", "last_name": "Farrell", "first_name": "Darren", "email": "46@example.org", "bio": "", "experience": 2, "groups": [], "user_permissions": []}}, {"model": "clubs.user", "pk": 290, "fields": {"password": "pbkdf2_sha256$260000$ihh7WtLFdBXvhK889m2K9a$S8V0j2DKypoUyMkGKsaIS1ny0XOyxjRVDH6YzPhB/ig=", "last_login": null, "is_superuser": false, "is_staff": false, "is_active": true, "date_joined": "2021-12-10T12:11:37.929Z", "username": "User47", "last_name": "Ryan", "first_name": "Conor", "email": "47@example.org", "bio": "", "experience": 3, "groups": [], "user_permissions": []}}, {"model": "clubs.user", "pk": 291, "fields": {"password": "pbkdf2_sha256$260000$cNJUcSaJS7LrCsffSA1kxc$LPekzTHbEz59PvtM3qvylpYpL+GNZKDnZqhF65DdwHU=", "last_login": null, "is_superuser": false, "is_staff": false, "is_active": true, "date_joined": "2021-12-10T12:11:38.541Z", "username": "User48", "last_name": "Hyde", "first_name": "Natalie", "email": "48@example.org", "bio": "", "experience": 1, "groups": [], "user_permissions": []}}, {"model": "clubs.user", "pk": 292, "fields": {"password": "pbkdf2_sha256$260000$l9xtbaTYcy15WWTuSqLEpX$B78FyC4m/ZPexxDLJ1eQmDEvxOC7TqS9PKrRrnGKy7g=", "last_login": null, "is_superuser": false, "is_staff": false, "is_active": true, "date_joined": "2021-12-10T12:11:39.172Z", "username": "User49", "last_name": "Cox", "first_name": "Emma", "email": "49@example.org", "bio": "", "experience": 2, "groups": [], "user_permissions": []}}, {"model": "clubs.user", "pk": 293, "fields": {"password": "pbkdf2_sha256$260000$xZnDmBb8pt8r6rU5Qls9Sw$Y3BOjnr2wAbzzOckxuWxKDjkkW4tLW7poPh4SMZVDnE=", "last_login": null, "is_superuser": false, "is_staff": false, "is_active": true, "date_joined": "2021-12-10T12:11:39.757Z", "username": "User50", "last_name": "Collins", "first_name": "Luke", "email": "50@example.org", "bio": "", "experience": 3, "groups": [], "user_permissions": []}}, {"model": "clubs.user", "pk": 294, "fields": {"password": "pbkdf2_sha256$260000$0fJOak8U81uJWYWxdJLqZl$teyXyu6hgVR2Vc3/mZIhq1bPsFWA4yJUl4T1VRPI/4A=", "last_login": null, "is_superuser": false, "is_staff": false, "is_active": true, "date_joined": "2021-12-10T12:11:40.358Z", "username": "User51", "last_name": "Norris", "first_name": "Valerie", "email": "51@example.org", "bio": "", "experience": 1, "groups": [], "user_permissions": []}}, {"model": "clubs.user", "pk": 295, "fields": {"password": "pbkdf2_sha256$260000$KLtMfHlbCZe4nL0RJi8NbF$ztVO0OxCZlV0Nqt8hi8qj3s/v7QB5gJ7W2MBP5oTUNY=", "last_login": null, "is_superuser": false, "is_staff": false, "is_active": true, "date_joined": "2021-12-10T12:11:41.100Z", "username": "User52", "last_name": "Hall", "first_name": "Patricia", "email": "52@example.org", "bio": "", "experience": 2, "groups": [], "user_permissions": []}}, {"model": "clubs.user", "pk": 296, "fields": {"password": "pbkdf2_sha256$260000$bNorUS0OCJt7qBkNFbv6Wx$zaFFERLz7h+mRdHZGrcVZr+DeOdE7TBLE1xWkPOZFjw=", "last_login": null, "is_superuser": false, "is_staff": false, "is_active": true, "date_joined": "2021-12-10T12:11:41.765Z", "username": "User53", "last_name": "Williams", "first_name": "Kathryn", "email": "53@example.org", "bio": "", "experience": 3, "groups": [], "user_permissions": []}}, {"model": "clubs.user", "pk": 297, "fields": {"password": "pbkdf2_sha256$260000$Q3C8xwa5ysmiQQR19KTuBB$IIY3wNAZojgGHPsPLOUlJUTrFAPJdXvNHwLzlDhW/0Y=", "last_login": null, "is_superuser": false, "is_staff": false, "is_active": true, "date_joined": "2021-12-10T12:11:42.400Z", "username": "User54", "last_name": "Ward", "first_name": "Rhys", "email": "54@example.org", "bio": "", "experience": 1, "groups": [], "user_permissions": []}}, {"model": "clubs.user", "pk": 298, "fields": {"password": "pbkdf2_sha256$260000$YDaFd6wKBskONSsy824ElB$gLuH4yA1bHwlnOxYzQ0SIzRX3EJo6QGH99bZ8judqiQ=", "last_login": null, "is_superuser": false, "is_staff": false, "is_active": true, "date_joined": "2021-12-10T12:11:43.094Z", "username": "User55", "last_name": "Forster", "first_name": "Danielle", "email": "55@example.org", "bio": "", "experience": 2, "groups": [], "user_permissions": []}}, {"model": "clubs.user", "pk": 299, "fields": {"password": "pbkdf2_sha256$260000$HSkui6Lv4kX8yq7iLooXjU$yQ98ICEyCCA9oDONja/+EhEUaH4RALzl/+WwOQtXyNw=", "last_login": null, "is_superuser": false, "is_staff": false, "is_active": true, "date_joined": "2021-12-10T12:11:43.731Z", "username": "User56", "last_name": "Ford", "first_name": "Jessica", "email": "56@example.org", "bio": "", "experience": 3, "groups": [], "user_permissions": []}}, {"model": "clubs.user", "pk": 300, "fields": {"password": "pbkdf2_sha256$260000$WCvIicNClV2fp00kmkP4Nc$DgPiq5N8Z+DHkWKfXLoAGWp65rc2E7P+GL+1DmZGouY=", "last_login": null, "is_superuser": false, "is_staff": false, "is_active": true, "date_joined": "2021-12-10T12:11:44.334Z", "username": "User57", "last_name": "Ali", "first_name": "Claire", "email": "57@example.org", "bio": "", "experience": 1, "groups": [], "user_permissions": []}}, {"model": "clubs.user", "pk": 301, "fields": {"password": "pbkdf2_sha256$260000$xmlX7hMeVNUAmLqC1iFWFf$rax1L3iGE1fwIU9cAi5bDJ12CC/GXb1VQUXyAbjTN3w=", "last_login": null, "is_superuser": false, "is_staff": false, "is_active": true, "date_joined": "2021-12-10T12:11:44.940Z", "username": "User58", "last_name": "Wilkinson", "first_name": "Danielle", "email": "58@example.org", "bio": "", "experience": 2, "groups": [], "user_permissions": []}}, {"model": "clubs.user", "pk": 302, "fields": {"password": "pbkdf2_sha256$260000$B4ab7ZsLeHP58l0P3XUxdl$eJHTduTABTTG5isHrrUnEDMoJeBN2RTGF3bWMSEzrIc=", "last_login": null, "is_superuser": false, "is_staff": false, "is_active": true, "date_joined": "2021-12-10T12:11:45.791Z", "username": "User59", "last_name": "Harrison", "first_name": "Hollie", "email": "59@example.org", "bio": "", "experience": 3, "groups": [], "user_permissions": []}}, {"model": "clubs.user", "pk": 303, "fields": {"password": "pbkdf2_sha256$260000$52GaVCmDp5eRd7kQYESvmd$uAhC9cC8OW3L+qqEAXzb01rOXLCn8GWyN9NzOTyh4JE=", "last_login": null, "is_superuser": false, "is_staff": false, "is_active": true, "date_joined": "2021-12-10T12:11:46.608Z", "username": "User60", "last_name": "Begum", "first_name": "Sharon", "email": "60@example.org", "bio": "", "experience": 1, "groups": [], "user_permissions": []}}, {"model": "clubs.user", "pk": 304, "fields": {"password": "pbkdf2_sha256$260000$XZ1YtCVN1bs71zwkdDpT1b$pzwAczzdCW4ewZOKxoqlg6s4nqZ47m+Yiosbkb2ncpY=", "last_login": null, "is_superuser": false, "is_staff": false, "is_active": true, "date_joined": "2021-12-10T12:11:47.428Z", "username": "User61", "last_name": "Dobson", "first_name": "Geoffrey", "email": "61@example.org", "bio": "", "experience": 2, "groups": [], "user_permissions": []}}, {"model": "clubs.user", "pk": 305, "fields": {"password": "pbkdf2_sha256$260000$ld8rSVwEkPwIOnpFvjijDb$C2/87zG/Kljol1dzWx5sMn5TcJN7py2v8W1avFZhadw=", "last_login": null, "is_superuser": false, "is_staff": false, "is_active": true, "date_joined": "2021-12-10T12:11:48.076Z", "username": "User62", "last_name": "Wilson", "first_name": "Shane", "email": "62@example.org", "bio": "", "experience": 3, "groups": [], "user_permissions": []}}, {"model": "clubs.user", "pk": 306, "fields": {"password": "pbkdf2_sha256$260000$AyZhlWpj282NWj07zUiPGh$ByExQgeC5hcOQmJKZZWVpOvpw47ERUQrfPcY5g3HANI=", "last_login": null, "is_superuser": false, "is_staff": false, "is_active": true, "date_joined": "2021-12-10T12:11:48.731Z", "username": "User63", "last_name": "Walker", "first_name": "Amber", "email": "63@example.org", "bio": "", "experience": 1, "groups": [], "user_permissions": []}}, {"model": "clubs.user", "pk": 307, "fields": {"password": "pbkdf2_sha256$260000$ypWgU4IXjfrb4peeZmES5h$aEExfaZIjkZ2LoGT1xsRme+qIF6jRYEdHG41ejJVywc=", "last_login": null, "is_superuser": false, "is_staff": false, "is_active": true, "date_joined": "2021-12-10T12:11:49.401Z", "username": "User64", "last_name": "Baker", "first_name": "Damian", "email": "64@example.org", "bio": "", "experience": 2, "groups": [], "user_permissions": []}}, {"model": "clubs.user", "pk": 308, "fields": {"password": "pbkdf2_sha256$260000$zVVfNB3poZM48IfiL7fE0C$XCzHeIUq+l+U9610KMHnyPLv+lKhRyDf2oLl8iPKM3c=", "last_login": null, "is_superuser": false, "is_staff": false, "is_active": true, "date_joined": "2021-12-10T12:11:50.015Z", "username": "User65", "last_name": "Turner", "first_name": "Damien", "email": "65@example.org", "bio": "", "experience": 3, "groups": [], "user_permissions": []}}, {"model": "clubs.user", "pk": 309, "fields": {"password": "pbkdf2_sha256$260000$jIMlbYZwX9zessoaxsx7Oi$1fbsVs14vxGaPGUoU4ARxoMNrGCJQJaLJ6jBouoJ/QQ=", "last_login": null, "is_superuser": false, "is_staff": false, "is_active": true, "date_joined": "2021-12-10T12:11:50.604Z", "username": "User66", "last_name": "Metcalfe", "first_name": "Georgia", "email": "66@example.org", "bio": "", "experience": 1, "groups": [], "user_permissions": []}}, {"model": "clubs.user", "pk": 310, "fields": {"password": "pbkdf2_sha256$260000$poWCwf5hpq1YPAPqToxNLo$G95/zzyKELsHF3L2lTH0bfIgRbbQTxJa8XbMrH+0IwE=", "last_login": null, "is_superuser": false, "is_staff": false, "is_active": true, "date_joined": "2021-12-10T12:11:51.216Z", "username": "User67", "last_name": "Jones", "first_name": "Justin", "email": "67@example.org", "bio": "", "experience": 2, "groups": [], "user_permissions": []}}, {"model": "clubs.user", "pk": 311, "fields": {"password": "pbkdf2_sha256$260000$BCSLeLQ1kbyFgmK7nJ8Wx1$0XEvwrH3NYJK4liX5P09zngjeDVGZHRRJnWdrY1HZcQ=", "last_login": null, "is_superuser": false, "is_staff": false, "is_active": true, "date_joined": "2021-12-10T12:11:51.838Z", "username": "User68", "last_name": "Hartley", "first_name": "Grace", "email": "68@example.org", "bio": "", "experience": 3, "groups": [], "user_permissions": []}}, {"model": "clubs.user", "pk": 312, "fields": {"password": "pbkdf2_sha256$260000$a5gKUOK6UEeN8v7694AHtq$dbdZ0XqOYneDrcy9gcfA5xoG5tVK0Of+LKI2IhiQb6w=", "last_login": null, "is_superuser": false, "is_staff": false, "is_active": true, "date_joined": "2021-12-10T12:11:52.450Z", "username": "User69", "last_name": "Allen", "first_name": "Amy", "email": "69@example.org", "bio": "", "experience": 1, "groups": [], "user_permissions": []}}, {"model": "clubs.user", "pk": 313, "fields": {"password": "pbkdf2_sha256$260000$YCdDAbODWpWChst6J1hb6Z$DmaJ/+bvgDdC1ldDU9W1TIL2HFQpcea8COFrqmJKD4o=", "last_login": null, "is_superuser": false, "is_staff": false, "is_active": true, "date_joined": "2021-12-10T12:11:53.107Z", "username": "User70", "last_name": "Morrison", "first_name": "Rachael", "email": "70@example.org", "bio": "", "experience": 2, "groups": [], "user_permissions": []}}, {"model": "clubs.user", "pk": 314, "fields": {"password": "pbkdf2_sha256$260000$mpPb6K6tm7zeOhqDU0SFve$EY7HlMwBrBiRVFYQavoxvjMDdZqI8UXj0H0yETZxOVs=", "last_login": null, "is_superuser": false, "is_staff": false, "is_active": true, "date_joined": "2021-12-10T12:11:53.705Z", "username": "User71", "last_name": "Kennedy", "first_name": "Leonard", "email": "71@example.org", "bio": "", "experience": 3, "groups": [], "user_permissions": []}}, {"model": "clubs.user", "pk": 315, "fields": {"password": "pbkdf2_sha256$260000$cdQx1XhfjCSG66Xex6l0O1$U17Wbrv6/N2XBVN+rt3oS6jtxE2oGiIUpl7uzqYWc+M=", "last_login": null, "is_superuser": false, "is_staff": false, "is_active": true, "date_joined": "2021-12-10T12:11:54.319Z", "username": "User72", "last_name": "Williams", "first_name": "Patrick", "email": "72@example.org", "bio": "", "experience": 1, "groups": [], "user_permissions": []}}, {"model": "clubs.user", "pk": 316, "fields": {"password": "pbkdf2_sha256$260000$W6SOXqzjmJnXQlmjia25y8$VieXS6oE41COea5rmOLIptzX8Rq8y7QCS+ezhi3I1l8=", "last_login": null, "is_superuser": false, "is_staff": false, "is_active": true, "date_joined": "2021-12-10T12:11:55.027Z", "username": "User73", "last_name": "Marshall", "first_name": "Sandra", "email": "73@example.org", "bio": "", "experience": 2, "groups": [], "user_permissions": []}}, {"model": "clubs.user", "pk": 317, "fields": {"password": "pbkdf2_sha256$260000$cmrEwGPkYAbllv2ZGymtUN$gIAe2ZttzqOXXO8f0VwWxVBMVoJroflno56uozBc9xA=", "last_login": null, "is_superuser": false, "is_staff": false, "is_active": true, "date_joined": "2021-12-10T12:11:55.795Z", "username": "User74", "last_name": "Ward", "first_name": "Louis", "email": "74@example.org", "bio": "", "experience": 3, "groups": [], "user_permissions": []}}, {"model": "clubs.user", "pk": 318, "fields": {"password": "pbkdf2_sha256$260000$V1hMHr3fy1tBiMKjN4VhrW$6oOzohOZZjzlnl8SjjUoVWOwb/jdLDBY2mx8boSsHq8=", "last_login": null, "is_superuser": false, "is_staff": false, "is_active": true, "date_joined": "2021-12-10T12:11:56.584Z", "username": "User75", "last_name": "Briggs", "first_name": "Elizabeth", "email": "75@example.org", "bio": "", "experience": 1, "groups": [], "user_permissions": []}}, {"model": "clubs.user", "pk": 319, "fields": {"password": "pbkdf2_sha256$260000$3BRA9X1KgxG4JPnDVvz4BC$+neGX5uHZWz2Y3H6XfRtHIHLWYObmyyT1o6SvVZt9ic=", "last_login": null, "is_superuser": false, "is_staff": false, "is_active": true, "date_joined": "2021-12-10T12:11:57.415Z", "username": "User76", "last_name": "Macdonald", "first_name": "Adam", "email": "76@example.org", "bio": "", "experience": 2, "groups": [], "user_permissions": []}}, {"model": "clubs.user", "pk": 320, "fields": {"password": "pbkdf2_sha256$260000$HMrd4SEnqqZ5ml1pjxosoc$LHe499pHMEc9fobQuSBX9SUwY9jNJfEE2wczdvfJcTU=", "last_login": null, "is_superuser": false, "is_staff": false, "is_active": true, "date_joined": "2021-12-10T12:11:58.298Z", "username": "User77", "last_name": "Wilkinson", "first_name": "Jodie", "email": "77@example.org", "bio": "", "experience": 3, "groups": [], "user_permissions": []}}, {"model": "clubs.user", "pk": 321, "fields": {"password": "pbkdf2_sha256$260000$lFNHaIdBb7k4cwGUdrLMaE$6VLxOwJ9g2ydqL3N8d5oytuIsrvmHoAs2Hk3n2NOu/8=", "last_login": null, "is_superuser": false, "is_staff": false, "is_active": true, "date_joined": "2021-12-10T12:11:58.945Z", "username": "User78", "last_name": "Murphy", "first_name": "Marian", "email": "78@example.org", "bio": "", "experience": 1, "groups": [], "user_permissions": []}}, {"model": "clubs.user", "pk": 322, "fields": {"password": "pbkdf2_sha256$260000$GHsUcl0iW0UDOFSVmboSzy$ig7SzWWm2V03LtRyh/+KhMw+m1CB9R6wtpqt8xn8qwU=", "last_login": null, "is_superuser": false, "is_staff": false, "is_active": true, "date_joined": "2021-12-10T12:11:59.588Z", "username": "User79", "last_name": "Garner", "first_name": "Carole", "email": "79@example.org", "bio": "", "experience": 2, "groups": [], "user_permissions": []}}, {"model": "clubs.user", "pk": 323, "fields": {"password": "pbkdf2_sha256$260000$qT1TzM7pUTuFxZ9Ui6gFpB$rfkhPOvxOnaQmUoYo+zQcriAYtXHFQkqfZIYgl+kmlg=", "last_login": null, "is_superuser": false, "is_staff": false, "is_active": true, "date_joined": "2021-12-10T12:12:00.203Z", "username": "User80", "last_name": "Sharp", "first_name": "Alice", "email": "80@example.org", "bio": "", "experience": 3, "groups": [], "user_permissions": []}}, {"model": "clubs.user", "pk": 324, "fields": {"password": "pbkdf2_sha256$260000$y3QO8yttYjFaHyIScqOOsF$sJfexFt2A3FAHph8JmqbHhdYbaVcvrnscc6xS/NyLAE=", "last_login": null, "is_superuser": false, "is_staff": false, "is_active": true, "date_joined": "2021-12-10T12:12:00.833Z", "username": "User81", "last_name": "West", "first_name": "Terry", "email": "81@example.org", "bio": "", "experience": 1, "groups": [], "user_permissions": []}}, {"model": "clubs.user", "pk": 325, "fields": {"password": "pbkdf2_sha256$260000$64DA8JXF3oAXGfrXLeqsUj$11GBnOLDCaCc/dW4AOREgiTGcMMeLVkGVKD2lR5elYc=", "last_login": null, "is_superuser": false, "is_staff": false, "is_active": true, "date_joined": "2021-12-10T12:12:01.470Z", "username": "User82", "last_name": "Smith", "first_name": "Reece", "email": "82@example.org", "bio": "", "experience": 2, "groups": [], "user_permissions": []}}, {"model": "clubs.user", "pk": 326, "fields": {"password": "pbkdf2_sha256$260000$5jrPL0lsrgiTVGmYVTOKba$UgQaOreUK1auHi0iRVVyQ0BhgCkE1eV9zhbiFxb+00A=", "last_login": null, "is_superuser": false, "is_staff": false, "is_active": true, "date_joined": "2021-12-10T12:12:02.080Z", "username": "User83", "last_name": "Page", "first_name": "Margaret", "email": "83@example.org", "bio": "", "experience": 3, "groups": [], "user_permissions": []}}, {"model": "clubs.user", "pk": 327, "fields": {"password": "pbkdf2_sha256$260000$X5rkTmAL8z3nVXzXHTpgFX$r3R8jkPt21nJq+JqGn64bYFMB8+364+BY5PsurCKJHI=", "last_login": null, "is_superuser": false, "is_staff": false, "is_active": true, "date_joined": "2021-12-10T12:12:02.939Z", "username": "User84", "last_name": "Bennett", "first_name": "Michelle", "email": "84@example.org", "bio": "", "experience": 1, "groups": [], "user_permissions": []}}, {"model": "clubs.user", "pk": 328, "fields": {"password": "pbkdf2_sha256$260000$R8SfOeBf68LleFLHcONv6v$VlbD4Yndq4CxEp7OxI3lNtyT14o7UN4ux1cXolP/w+U=", "last_login": null, "is_superuser": false, "is_staff": false, "is_active": true, "date_joined": "2021-12-10T12:12:03.800Z", "username": "User85", "last_name": "Green", "first_name": "Sarah", "email": "85@example.org", "bio": "", "experience": 2, "groups": [], "user_permissions": []}}, {"model": "clubs.user", "pk": 329, "fields": {"password": "pbkdf2_sha256$260000$cJzEIaomBbkFofL3a1MGhF$MRHEdnePhgC+EmQzGTXk5j7/RGyHjnAcg2y2sIAo0c4=", "last_login": null, "is_superuser": false, "is_staff": false, "is_active": true, "date_joined": "2021-12-10T12:12:04.668Z", "username": "User86", "last_name": "Barnes", "first_name": "Rosemary", "email": "86@example.org", "bio": "", "experience": 3, "groups": [], "user_permissions": []}}, {"model": "clubs.user", "pk": 330, "fields": {"password": "pbkdf2_sha256$260000$Jj2noUww1nB0becLnD9KDc$gMat2WsZRLGsgFzjM52HOI1fHuFH6HBPAVMgsakHSok=", "last_login": null, "is_superuser": false, "is_staff": false, "is_active": true, "date_joined": "2021-12-10T12:12:05.462Z", "username": "User87", "last_name": "Collins", "first_name": "Jenna", "email": "87@example.org", "bio": "", "experience": 1, "groups": [], "user_permissions": []}}, {"model": "clubs.user", "pk": 331, "fields": {"password": "pbkdf2_sha256$260000$Lj208gX14V92Z9DLZYpjpb$V6XpXXcetv7u6hA+nZOPqxp3mxDWqheOOOtXCd07FZ4=", "last_login": null, "is_superuser": false, "is_staff": false, "is_active": true, "date_joined": "2021-12-10T12:12:06.076Z", "username": "User88", "last_name": "Welch", "first_name": "Beverley", "email": "88@example.org", "bio": "", "experience": 2, "groups": [], "user_permissions": []}}, {"model": "clubs.user", "pk": 332, "fields": {"password": "pbkdf2_sha256$260000$9IZx3WWj3oERgWskLCOGvb$d7VEkL3haBM7ua9mTWTCKUYl1GtkjuNLoLnTRgsnhkg=", "last_login": null, "is_superuser": false, "is_staff": false, "is_active": true, "date_joined": "2021-12-10T12:12:06.711Z", "username": "User89", "last_name": "Hughes", "first_name": "Steven", "email": "89@example.org", "bio": "", "experience": 3, "groups": [], "user_permissions": []}}, {"model": "clubs.user", "pk": 333, "fields": {"password": "pbkdf2_sha256$260000$MWBVDMBDJA7HVzrPk3Sioz$qI31U2GrutZas2jWk5CEs8RxbzStkkjMmP/Zapiqhrs=", "last_login": null, "is_superuser": false, "is_staff": false, "is_active": true, "date_joined": "2021-12-10T12:12:07.479Z", "username": "User90", "last_name": "Savage", "first_name": "Jean", "email": "90@example.org", "bio": "", "experience": 1, "groups": [], "user_permissions": []}}, {"model": "clubs.user", "pk": 334, "fields": {"password": "pbkdf2_sha256$260000$8C4H6z2VdJzX5YO7yxJkv2$bvNqhWl2h0RYpoGolU3wIZE+fRbh9u9RisAWTsgFJxU=", "last_login": null, "is_superuser": false, "is_staff": false, "is_active": true, "date_joined": "2021-12-10T12:12:08.355Z", "username": "User91", "last_name": "Collins", "first_name": "Stephanie", "email": "91@example.org", "bio": "", "experience": 2, "groups": [], "user_permissions": []}}, {"model": "clubs.user", "pk": 335, "fields": {"password": "pbkdf2_sha256$260000$u41BNcDGkA5TlBOh0Hmo7w$gQoWJCg2SuAmJOr5+F2vfQexrzFTM7a06cB9J5C0xgs=", "last_login": null, "is_superuser": false, "is_staff": false, "is_active": true, "date_joined": "2021-12-10T12:12:09.181Z", "username": "User92", "last_name": "Wilson", "first_name": "Georgia", "email": "92@example.org", "bio": "", "experience": 3, "groups": [], "user_permissions": []}}, {"model": "clubs.user", "pk": 336, "fields": {"password": "pbkdf2_sha256$260000$cr0fXQyBs8rRKhoy5U06c4$D05iL3nflIPa9z8atNfMa9KaE+0P1gnc6NWudYS25pw=", "last_login": null, "is_superuser": false, "is_staff": false, "is_active": true, "date_joined": "2021-12-10T12:12:10.062Z", "username": "User93", "last_name": "Mitchell", "first_name": "Henry", "email": "93@example.org", "bio": "", "experience": 1, "groups": [], "user_permissions": []}}, {"model": "clubs.user", "pk": 337, "fields": {"password": "pbkdf2_sha256$260000$h1pjaSfCXbIyFRZq9RfiwS$+Tj5s8rbNzdHQExrHb5MKT3NaDX8RpLGdX7R3tBESHo=", "last_login": null, "is_superuser": false, "is_staff": false, "is_active": true, "date_joined": "2021-12-10T12:12:10.704Z", "username": "User94", "last_name": "Edwards", "first_name": "Rebecca", "email": "94@example.org", "bio": "", "experience": 2, "groups": [], "user_permissions": []}}, {"model": "clubs.user", "pk": 338, "fields": {"password": "pbkdf2_sha256$260000$FVdT4yJsdkTNhLWlB5Ngo0$gzJbT6EQf5SjFCX6E+ZPoS2qLBiSGqJ8Wl3a2MORZc4=", "last_login": null, "is_superuser": false, "is_staff": false, "is_active": true, "date_joined": "2021-12-10T12:12:11.359Z", "username": "User95", "last_name": "Stewart", "first_name": "Toby", "email": "95@example.org", "bio": "", "experience": 3, "groups": [], "user_permissions": []}}, {"model": "clubs.club", "pk": 7, "fields": {"name": "King's Knights", "location": "King's College London", "description": "The best chess club in London.", "created_on": "2021-12-10T12:11:05.325Z"}}, {"model": "clubs.membership", "pk": 146, "fields": {"club": 7, "user": 243, "is_officer": false, "is_owner": false}}, {"model": "clubs.membership", "pk": 147, "fields": {"club": 7, "user": 244, "is_officer": false, "is_owner": false}}, {"model": "clubs.membership", "pk": 148, "fields": {"club": 7, "user": 245, "is_officer": false, "is_owner": false}}, {"model": "clubs.membership", "pk": 149, "fields": {"club": 7, "user": 246, "is_officer": false, "is_owner": false}}, {"model": "clubs.membership", "pk": 150, "fields": {"club": 7, "user": 247, "is_officer": false, "is_owner": false}}, {"model": "clubs.membership", "pk": 151, "fields": {"club": 7, "user": 248, "is_officer": false, "is_owner": false}}, {"model": "clubs.membership", "pk": 152, "fields": {"club": 7, "user": 249, "is_officer": false, "is_owner": false}}, {"model": "clubs.membership", "pk": 153, "fields": {"club": 7, "user": 250, "is_officer": false, "is_owner": false}}, {"model": "clubs.membership", "pk": 154, "fields": {"club": 7, "user": 251, "is_officer": false, "is_owner": false}}, {"model": "clubs.membership", "pk": 155, "fields": {"club": 7, "user": 252, "is_officer": false, "is_owner": false}}, {"model": "clubs.membership", "pk": 156, "fields": {"club": 7, "user": 253, "is_officer": false, "is_owner": false}}, {"model": "clubs.membership", "pk": 157, "fields": {"club": 7, "user": 254, "is_officer": false, "is_owner": false}}, {"model": "clubs.membership", "pk": 158, "fields": {"club": 7, "user": 255, "is_officer": false, "is_owner": false}}, {"model": "clubs.membership", "pk": 159, "fields": {"club": 7, "user": 256, "is_officer": false, "is_owner": false}}, {"model": "clubs.membership", "pk": 160, "fields": {"club": 7, "user": 257, "is_officer": false, "is_owner": false}}, {"model": "clubs.membership", "pk": 161, "fields": {"club": 7, "user": 258, "is_officer": false, "is_owner": false}}, {"model": "clubs.membership", "pk": 162, "fields": {"club": 7, "user": 259, "is_officer": false, "is_owner": false}}, {"model": "clubs.membership", "pk": 163, "fields": {"club": 7, "user": 260, "is_officer": false, "is_owner": false}}, {"model": "clubs.membership", "pk": 164, "fields": {"club": 7, "user": 261, "is_officer": false, "is_owner": false}}, {"model": "clubs.membership", "pk": 165, "fields": {"club": 7, "user": 262, "is_officer": false, "is_owner": false}}, {"model": "clubs.membership", "pk": 166, "fields": {"club": 7, "user": 263, "is_officer": false, "is_owner": false}}, {"model": "clubs.membership", "pk": 167, "fields": {"club": 7, "user": 264, "is_officer": false, "is_owner": false}}, {"model": "clubs.membership", "pk": 168, "fields": {"club": 7, "user": 265, "is_officer": false, "is_owner": false}}, {"model": "clubs.membership", "pk": 169, "fields": {"club": 7, "user": 266, "is_officer": false, "is_owner": false}}, {"model": "clubs.membership", "pk": 170, "fields": {"club": 7, "user": 267, "is_officer": false, "is_owner": false}}, {"model": "clubs.membership", "pk": 171, "fields": {"club": 7, "user": 268, "is_officer": false, "is_owner": false}}, {"model": "clubs.membership", "pk": 172, "fields": {"club": 7, "user": 269, "is_officer": false, "is_owner": false}}, {"model": "clubs.membership", "pk": 173, "fields": {"club": 7, "user": 270, "is_officer": false, "is_owner": false}}, {"model": "clubs.membership", "pk": 174, "fields": {"club": 7, "user": 271, "is_officer": false, "is_owner": false}}, {"model": "clubs.membership", "pk": 175, "fields": {"club": 7, "user": 272, "is_officer": false, "is_owner": false}}, {"model": "clubs.membership", "pk": 176, "fields": {"club": 7, "user": 273, "is_officer": false, "is_owner": false}}, {"model": "clubs.membership", "pk": 177, "fields": {"club": 7, "user": 274, "is_officer": false, "is_owner": false}}, {"model": "clubs.membership", "pk": 178, "fields": {"club": 7, "user": 275, "is_officer": false, "is_owner": false}}, {"model": "clubs.membership", "pk": 179, "fields": {"club": 7, "user": 276, "is_officer": false, "is_owner": false}}, {"model": "clubs.membership", "pk": 180, "fields": {"club": 7, "user": 277, "is_officer": false, "is_owner": false}}, {"model": "clubs.membership", "pk": 181, "fields": {"club": 7, "user": 278, "is_officer": false, "is_owner": false}}, {"model": "clubs.membership", "pk": 182, "fields": {"club": 7, "user": 279, "is_officer": false, "is_owner": false}}, {"model": "clubs.membership", "pk": 183, "fields": {"club": 7, "user": 280, "is_officer": false, "is_owner": false}}, {"model": "clubs.membership", "pk": 184, "fields": {"club": 7, "user": 281, "is_officer": false, "is_owner": false}}, {"model": "clubs.membership", "pk": 185, "fields": {"club": 7, "user": 282, "is_officer": false, "is_owner": false}}, {"model": "clubs.membership", "pk": 186, "fields": {"club": 7, "user": 283, "is_officer": false, "is_owner": false}}, {"model": "clubs.membership", "pk": 187, "fields": {"club": 7, "user": 284, "is_officer": false, "is_owner": false}}, {"model": "clubs.membership", "pk": 188, "fields": {"club": 7, "user": 285, "is_officer": false, "is_owner": false}}, {"model": "clubs.membership", "pk": 189, "fields": {"club": 7, "user": 286, "is_officer": false, "is_owner": false}}, {"model": "clubs.membership", "pk": 190, "fields": {"club": 7, "user": 287, "is_officer": false, "is_owner": false}}, {"model": "clubs.membership", "pk": 191, "fields": {"club": 7, "user": 288, "is_officer": false, "is_owner": false}}, {"model": "clubs.membership", "pk": 192, "fields": {"club": 7, "user": 289, "is_officer": false, "is_owner": false}}, {"model": "clubs.membership", "pk": 193, "fields": {"club": 7, "user": 290, "is_officer": false, "is_owner": false}}, {"model": "clubs.membership", "pk": 194, "fields": {"club": 7, "user": 291, "is_officer": false, "is_owner": false}}, {"model": "clubs.membership", "pk": 195, "fields": {"club": 7, "user": 292, "is_officer": false, "is_owner": false}}, {"model": "clubs.membership", "pk": 196, "fields": {"club": 7, "user": 293, "is_officer": false, "is_owner": false}}, {"model": "clubs.membership", "pk": 197, "fields": {"club": 7, "user": 294, "is_officer": false, "is_owner": false}}, {"model": "clubs.membership", "pk": 198, "fields": {"club": 7, "user": 295, "is_officer": false, "is_owner": false}}, {"model": "clubs.membership", "pk": 199, "fields": {"club": 7, "user": 296, "is_officer": false, "is_owner": false}}, {"model": "clubs.membership", "pk": 200, "fields": {"club": 7, "user": 297, "is_officer": false, "is_owner": false}}, {"model": "clubs.membership", "pk": 201, "fields": {"club": 7, "user": 298, "is_officer": false, "is_owner": false}}, {"model": "clubs.membership", "pk": 202, "fields": {"club": 7, "user": 299, "is_officer": false, "is_owner": false}}, {"model": "clubs.membership", "pk": 203, "fields": {"club": 7, "user": 300, "is_officer": false, "is_owner": false}}, {"model": "clubs.membership", "pk": 204, "fields": {"club": 7, "user": 301, "is_officer": false, "is_owner": false}}, {"model": "clubs.membership", "pk": 205, "fields": {"club": 7, "user": 302, "is_officer": false, "is_owner": false}}, {"model": "clubs.membership", "pk": 206, "fields": {"club": 7, "user": 303, "is_officer": false, "is_owner": false}}, {"model": "clubs.membership", "pk": 207, "fields": {"club": 7, "user": 304, "is_officer": false, "is_owner": false}}, {"model": "clubs.membership", "pk": 208, "fields": {"club": 7, "user": 305, "is_officer": false, "is_owner": false}}, {"model": "clubs.membership", "pk": 209, "fields": {"club": 7, "user": 306, "is_officer": false, "is_owner": false}}, {"model": "clubs.membership", "pk": 210, "fields": {"club": 7, "user": 307, "is_officer": false, "is_owner": false}}, {"model": "clubs.membership", "pk": 211, "fields": {"club": 7, "user": 308, "is_officer": false, "is_owner": false}}, {"model": "clubs.membership", "pk": 212, "fields": {"club": 7, "user": 309, "is_officer": false, "is_owner": false}}, {"model": "clubs.membership", "pk": 213, "fields": {"club": 7, "user": 310, "is_officer": false, "is_owner": false}}, {"model": "clubs.membership", "pk": 214, "fields": {"club": 7, "user": 311, "is_officer": false, "is_owner": false}}, {"model": "clubs.membership", "pk": 215, "fields": {"club": 7, "user": 312, "is_officer": false, "is_owner": false}}, {"model": "clubs.membership", "pk": 216, "fields": {"club": 7, "user": 313, "is_officer": false, "is_owner": false}}, {"model": "clubs.membership", "pk": 217, "fields": {"club": 7, "user": 314, "is_officer": false, "is_owner": false}}, {"model": "clubs.membership", "pk": 218, "fields": {"club": 7, "user": 315, "is_officer": false, "is_owner": false}}, {"model": "clubs.membership", "pk": 219, "fields": {"club": 7, "user": 316, "is_officer": false, "is_owner": false}}, {"model": "clubs.membership", "pk": 220, "fields": {"club": 7, "user": 317, "is_officer": false, "is_owner": false}}, {"model": "clubs.membership", "pk": 221, "fields": {"club": 7, "user": 318, "is_officer": false, "is_owner": false}}, {"model": "clubs.membership", "pk": 222, "fields": {"club": 7, "user": 319, "is_officer": false, "is_owner": false}}, {"model": "clubs.membership", "pk": 223, "fields": {"club": 7, "user": 320, "is_officer": false, "is_owner": false}}, {"model": "clubs.membership", "pk": 224, "fields": {"club": 7, "user": 321, "is_officer": false, "is_owner": false}}, {"model": "clubs.membership", "pk": 225, "fields": {"club": 7, "user": 322, "is_officer": false, "is_owner": false}}, {"model": "clubs.membership", "pk": 226, "fields": {"club": 7, "user": 323, "is_officer": false, "is_owner": false}}, {"model": "clubs.membership", "pk": 227, "fields": {"club": 7, "user": 324, "is_officer": false, "is_owner": false}}, {"model": "clubs.membership", "pk": 228, "fields": {"club": 7, "user": 325, "is_officer": false, "is_owner": false}}, {"model": "clubs.membership", "pk": 229, "fields": {"club": 7, "user": 326, "is_officer": false, "is_owner": false}}, {"model": "clubs.membership", "pk": 230, "fields": {"club": 7, "user": 327, "is_officer": false, "is_owner": false}}, {"model": "clubs.membership", "pk": 231, "fields": {"club": 7, "user": 328, "is_officer": false, "is_owner": false}}, {"model": "clubs.membership", "pk": 232, "fields": {"club": 7, "user": 329, "is_officer": false, "is_owner": false}}, {"model": "clubs.membership", "pk": 233, "fields": {"club": 7, "user": 330, "is_officer": false, "is_owner": false}}, {"model": "clubs.membership", "pk": 234, "fields": {"club": 7, "user": 331, "is_officer": false, "is_owner": false}}, {"model": "clubs.membership", "pk": 235, "fields": {"club": 7, "user": 332, "is_officer": false, "is_owner": false}}, {"model": "clubs.membership", "pk": 236, "fields": {"club": 7, "user": 333, "is_officer": false, "is_owner": false}}, {"model": "clubs.membership", "pk": 237, "fields": {"club": 7, "user": 334, "is_officer": false, "is_owner": false}}, {"model": "clubs.membership", "pk": 238, "fields": {"club": 7, "user": 335, "is_officer": false, "is_owner": false}}, {"model": "clubs.membership", "pk": 239, "fields": {"club": 7, "user": 336, "is_officer": false, "is_owner": false}}, {"model": "clubs.membership", "pk": 240, "fields": {"club": 7, "user": 337, "is_officer": false, "is_owner": false}}, {"model": "clubs.membership", "pk": 241, "fields": {"club": 7, "user": 338, "is_officer": false, "is_owner": false}}, {"model": "clubs.tournament", "pk": 7, "fields": {"club": 7, "name": "Grand Championship", "description": "The most prestigious tournament in London.", "capacity": 96, "start": "2023-12-10T00:00:00Z", "end": "2023-12-20T00:00:00Z"}}, {"model": "clubs.membertournamentrelationship", "pk": 146, "fields": {"member": 146, "tournament": 7}}, {"model": "clubs.membertournamentrelationship", "pk": 147, "fields": {"member": 147, "tournament": 7}}, {"model": "clubs.membertournamentrelationship", "pk": 148, "fields": {"member": 148, "tournament": 7}}, {"model": "clubs.membertournamentrelationship", "pk": 149, "fields": {"member": 149, "tournament": 7}}, {"model": "clubs.membertournamentrelationship", "pk": 150, "fields": {"member": 150, "tournament": 7}}, {"model": "clubs.membertournamentrelationship", "pk": 151, "fields": {"member": 151, "tournament": 7}}, {"model": "clubs.membertournamentrelationship", "pk": 152, "fields": {"member": 152, "tournament": 7}}, {"model": "clubs.membertournamentrelationship", "pk": 153, "fields": {"member": 153, "tournament": 7}}, {"model": "clubs.membertournamentrelationship", "pk": 154, "fields": {"member": 154, "tournament": 7}}, {"model": "clubs.membertournamentrelationship", "pk": 155, "fields": {"member": 155, "tournament": 7}}, {"model": "clubs.membertournamentrelationship", "pk": 156, "fields": {"member": 156, "tournament": 7}}, {"model": "clubs.membertournamentrelationship", "pk": 157, "fields": {"member": 157, "tournament": 7}}, {"model": "clubs.membertournamentrelationship", "pk": 158, "fields": {"member": 158, "tournament": 7}}, {"model": "clubs.membertournamentrelationship", "pk": 159, "fields": {"member": 159, "tournament": 7}}, {"model": "clubs.membertournamentrelationship", "pk": 160, "fields": {"member": 160, "tournament": 7}}, {"model": "clubs.membertournamentrelationship", "pk": 161, "fields": {"member": 161, "tournament": 7}}, {"model": "clubs.membertournamentrelationship", "pk": 162, "fields": {"member": 162, "tournament": 7}}, {"model": "clubs.membertournamentrelationship", "pk": 163, "fields": {"member": 163, "tournament": 7}}, {"model": "clubs.membertournamentrelationship", "pk": 164, "fields": {"member": 164, "tournament": 7}}, {"model": "clubs.membertournamentrelationship", "pk": 165, "fields": {"member": 165, "tournament": 7}}, {"model": "clubs.membertournamentrelationship", "pk": 166, "fields": {"member": 166, "tournament": 7}}, {"model": "clubs.membertournamentrelationship", "pk": 167, "fields": {"member": 167, "tournament": 7}}, {"model": "clubs.membertournamentrelationship", "pk": 168, "fields": {"member": 168, "tournament": 7}}, {"model": "clubs.membertournamentrelationship", "pk": 169, "fields": {"member": 169, "tournament": 7}}, {"model": "clubs.membertournamentrelationship", "pk": 170, "fields": {"member": 170, "tournament": 7}}, {"model": "clubs.membertournamentrelationship", "pk": 171, "fields": {"member": 171, "tournament": 7}}, {"model": "clubs.membertournamentrelationship", "pk": 172, "fields": {"member": 172, "tournament": 7}}, {"model": "clubs.membertournamentrelationship", "pk": 173, "fields": {"member": 173, "tournament": 7}}, {"model": "clubs.membertournamentrelationship", "pk": 174, "fields": {"member": 174, "tournament": 7}}, {"model": "clubs.membertournamentrelationship", "pk": 175, "fields": {"member": 175, "tournament": 7}}, {"model": "clubs.membertournamentrelationship", "pk": 176, "fields": {"member": 176, "tournament": 7}}, {"model": "clubs.membertournamentrelationship", "pk": 177, "fields": {"member": 177, "tournament": 7}}, {"model": "clubs.membertournamentrelationship", "pk": 178, "fields": {"member": 178, "tournament": 7}}, {"model": "clubs.membertournamentrelationship", "pk": 179, "fields": {"member": 179, "tournament": 7}}, {"model": "clubs.membertournamentrelationship", "pk": 180, "fields": {"member": 180, "tournament": 7}}, {"model": "clubs.membertournamentrelationship", "pk": 181, "fields": {"member": 181, "tournament": 7}}, {"model": "clubs.membertournamentrelationship", "pk": 182, "fields": {"member": 182, "tournament": 7}}, {"model": "clubs.membertournamentrelationship", "pk": 183, "fields": {"member": 183, "tournament": 7}}, {"model": "clubs.membertournamentrelationship", "pk": 184, "fields": {"member": 184, "tournament": 7}}, {"model": "clubs.membertournamentrelationship", "pk": 185, "fields": {"member": 185, "tournament": 7}}, {"model": "clubs.membertournamentrelationship", "pk": 186, "fields": {"member": 186, "tournament": 7}}, {"model": "clubs.membertournamentrelationship", "pk": 187, "fields": {"member": 187, "tournament": 7}}, {"model": "clubs.membertournamentrelationship", "pk": 188, "fields": {"member": 188, "tournament": 7}}, {"model": "clubs.membertournamentrelationship", "pk": 189, "fields": {"member": 189, "tournament": 7}}, {"model": "clubs.membertournamentrelationship", "pk": 190, "fields": {"member": 190, "tournament": 7}}, {"model": "clubs.membertournamentrelationship", "pk": 191, "fields": {"member": 191, "tournament": 7}}, {"model": "clubs.membertournamentrelationship", "pk": 192, "fields": {"member": 192, "tournament": 7}}, {"model": "clubs.membertournamentrelationship", "pk": 193, "fields": {"member": 193, "tournament": 7}}, {"model": "clubs.membertournamentrelationship", "pk": 194, "fields": {"member": 194, "tournament": 7}}, {"model": "clubs.membertournamentrelationship", "pk": 195, "fields": {"member": 195, "tournament": 7}}, {"model": "clubs.membertournamentrelationship", "pk": 196, "fields": {"member": 196, "tournament": 7}}, {"model": "clubs.membertournamentrelationship", "pk": 197, "fields": {"member": 197, "tournament": 7}}, {"model": "clubs.membertournamentrelationship", "pk": 198, "fields": {"member": 198, "tournament": 7}}, {"model": "clubs.membertournamentrelationship", "pk": 199, "fields": {"member": 199, "tournament": 7}}, {"model": "clubs.membertournamentrelationship", "pk": 200, "fields": {"member": 200, "tournament": 7}}, {"model": "clubs.membertournamentrelationship", "pk": 201, "fields": {"member": 201, "tournament": 7}}, {"model": "clubs.membertournamentrelationship", "pk": 202, "fields": {"member": 202, "tournament": 7}}, {"model": "clubs.membertournamentrelationship", "pk": 203, "fields": {"member": 203, "tournament": 7}}, {"model": "clubs.membertournamentrelationship", "pk": 204, "fields": {"member": 204, "tournament": 7}}, {"model": "clubs.membertournamentrelationship", "pk": 205, "fields": {"member": 205, "tournament": 7}}, {"model": "clubs.membertournamentrelationship", "pk": 206, "fields": {"member": 206, "tournament": 7}}, {"model": "clubs.membertournamentrelationship", "pk": 207, "fields": {"member": 207, "tournament": 7}}, {"model": "clubs.membertournamentrelationship", "pk": 208, "fields": {"member": 208, "tournament": 7}}, {"model": "clubs.membertournamentrelationship", "pk": 209, "fields": {"member": 209, "tournament": 7}}, {"model": "clubs.membertournamentrelationship", "pk": 210, "fields": {"member": 210, "tournament": 7}}, {"model": "clubs.membertournamentrelationship", "pk": 211, "fields": {"member": 211, "tournament": 7}}, {"model": "clubs.membertournamentrelationship", "pk": 212, "fields": {"member": 212, "tournament": 7}}, {"model": "clubs.membertournamentrelationship", "pk": 213, "fields": {"member": 213, "tournament": 7}}, {"model": "clubs.membertournamentrelationship", "pk": 214, "fields": {"member": 214, "tournament": 7}}, {"model": "clubs.membertournamentrelationship", "pk": 215, "fields": {"member": 215, "tournament": 7}}, {"model": "clubs.membertournamentrelationship", "pk": 216, "fields": {"member": 216, "tournament": 7}}, {"model": "clubs.membertournamentrelationship", "pk": 217, "fields": {"member": 217, "tournament": 7}}, {"model": "clubs.membertournamentrelationship", "pk": 218, "fields": {"member": 218, "tournament": 7}}, {"model": "clubs.membertournamentrelationship", "pk": 219, "fields": {"member": 219, "tournament": 7}}, {"model": "clubs.membertournamentrelationship", "pk": 220, "fields": {"member": 220, "tournament": 7}}, {"model": "clubs.membertournamentrelationship", "pk": 221, "fields": {"member": 221, "tournament": 7}}, {"model": "clubs.membertournamentrelationship", "pk": 222, "fields": {"member": 222, "tournament": 7}}, {"model": "clubs.membertournamentrelationship", "pk": 223, "fields": {"member": 223, "tournament": 7}}, {"model": "clubs.membertournamentrelationship", "pk": 224, "fields": {"member": 224, "tournament": 7}}, {"model": "clubs.membertournamentrelationship", "pk": 225, "fields": {"member": 225, "tournament": 7}}, {"model": "clubs.membertournamentrelationship", "pk": 226, "fields": {"member": 226, "tournament": 7}}, {"model": "clubs.membertournamentrelationship", "pk": 227, "fields": {"member": 227, "tournament": 7}}, {"model": "clubs.membertournamentrelationship", "pk": 228, "fields": {"member": 228, "tournament": 7}}, {"model": "clubs.membertournamentrelationship", "pk": 229, "fields": {"member": 229, "tournament": 7}}, {"model": "clubs.membertournamentrelationship", "pk": 230, "fields": {"member": 230, "tournament": 7}}, {"model": "clubs.membertournamentrelationship", "pk": 231, "fields": {"member": 231, "tournament": 7}}, {"model": "clubs.membertournamentrelationship", "pk": 232, "fields": {"member": 232, "tournament": 7}}, {"model": "clubs.membertournamentrelationship", "pk": 233, "fields": {"member": 233, "tournament": 7}}, {"model": "clubs.membertournamentrelationship", "pk": 234, "fields": {"member": 234, "tournament": 7}}, {"model": "clubs.membertournamentrelationship", "pk": 235, "fields": {"member": 235, "tournament": 7}}, {"model": "clubs.membertournamentrelationship", "pk": 236, "fields": {"member": 236, "tournament": 7}}, {"model": "clubs.membertournamentrelationship", "pk": 237, "fields": {"member": 237, "tournament": 7}}, {"model": "clubs.membertournamentrelationship", "pk": 238, "fields": {"member": 238, "tournament": 7}}, {"model": "clubs.membertournamentrelationship", "pk": 239, "fields": {"member": 239, "tournament": 7}}, {"model": "clubs.membertournamentrelationship", "pk": 240, "fields": {"member": 240, "tournament": 7}}, {"model": "clubs.membertournamentrelationship", "pk": 241, "fields": {"member": 241, "tournament": 7}}, {"model": "clubs.participant", "pk": 146, "fields": {"round_eliminated": -1}}, {"model": "clubs.participant", "pk": 147, "fields": {"round_eliminated": -1}}, {"model": "clubs.participant", "pk": 148, "fields": {"round_eliminated": -1}}, {"model": "clubs.participant", "pk": 149, "fields": {"round_eliminated": -1}}, {"model": "clubs.participant", "pk": 150, "fields": {"round_eliminated": -1}}, {"model": "clubs.participant", "pk": 151, "fields": {"round_eliminated": -1}}, {"model": "clubs.participant", "pk": 152, "fields": {"round_eliminated": -1}}, {"model": "clubs.participant", "pk": 153, "fields": {"round_eliminated": -1}}, {"model": "clubs.participant", "pk": 154, "fields": {"round_eliminated": -1}}, {"model": "clubs.participant", "pk": 155, "fields": {"round_eliminated": -1}}, {"model": "clubs.participant", "pk": 156, "fields": {"round_eliminated": -1}}, {"model": "clubs.participant", "pk": 157, "fields": {"round_eliminated": -1}}, {"model": "clubs.participant", "pk": 158, "fields": {"round_eliminated": -1}}, {"model": "clubs.participant", "pk": 159, "fields": {"round_eliminated": -1}}, {"model": "clubs.participant", "pk": 160, "fields": {"round_eliminated": -1}}, {"model": "clubs.participant", "pk": 161, "fields": {"round_eliminated": -1}}, {"model": "clubs.participant", "pk": 162, "fields": {"round_eliminated": -1}}, {"model": "clubs.participant", "pk": 163, "fields": {"round_eliminated": -1}}, {"model": "clubs.participant", "pk": 164, "fields": {"round_eliminated": -1}}, {"model": "clubs.participant", "pk": 165, "fields": {"round_eliminated": -1}}, {"model": "clubs.participant", "pk": 166, "fields": {"round_eliminated": -1}}, {"model": "clubs.participant", "pk": 167, "fields": {"round_eliminated": -1}}, {"model": "clubs.participant", "pk": 168, "fields": {"round_eliminated": -1}}, {"model": "clubs.participant", "pk": 169, "fields": {"round_eliminated": -1}}, {"model": "clubs.participant", "pk": 170, "fields": {"round_eliminated": -1}}, {"model": "clubs.participant", "pk": 171, "fields": {"round_eliminated": -1}}, {"model": "clubs.participant", "pk": 172, "fields": {"round_eliminated": -1}}, {"model": "clubs.participant", "pk": 173, "fields": {"round_eliminated": -1}}, {"model": "clubs.participant", "pk": 174, "fields": {"round_eliminated": -1}}, {"model": "clubs.participant", "pk": 175, "fields": {"round_eliminated": -1}}, {"model": "clubs.participant", "pk": 176, "fields": {"round_eliminated": -1}}, {"model": "clubs.participant", "pk": 177, "fields": {"round_eliminated": -1}}, {"model": "clubs.participant", "pk": 178, "fields": {"round_eliminated": -1}}, {"model": "clubs.participant", "pk": 179, "fields": {"round_eliminated": -1}}, {"model": "clubs.participant", "pk": 180, "fields": {"round_eliminated": -1}}, {"model": "clubs.participant", "pk": 181, "fields": {"round_eliminated": -1}}, {"model": "clubs.participant", "pk": 182, "fields": {"round_eliminated": -1}}, {"model": "clubs.participant", "pk": 183, "fields": {"round_eliminated": -1}}, {"model": "clubs.participant", "pk": 184, "fields": {"round_eliminated": -1}}, {"model": "clubs.participant", "pk": 185, "fields": {"round_eliminated": -1}}, {"model": "clubs.participant", "pk": 186, "fields": {"round_eliminated": -1}}, {"model": "clubs.participant", "pk": 187, "fields": {"round_eliminated": -1}}, {"model": "clubs.participant", "pk": 188, "fields": {"round_eliminated": -1}}, {"model": "clubs.participant", "pk": 189, "fields": {"round_eliminated": -1}}, {"model": "clubs.participant", "pk": 190, "fields": {"round_eliminated": -1}}, {"model": "clubs.participant", "pk": 191, "fields": {"round_eliminated": -1}}, {"model": "clubs.participant", "pk": 192, "fields": {"round_eliminated": -1}}, {"model": "clubs.participant", "pk": 193, "fields": {"round_eliminated": -1}}, {"model": "clubs.participant", "pk": 194, "fields": {"round_eliminated": -1}}, {"model": "clubs.participant", "pk": 195, "fields": {"round_eliminated": -1}}, {"model": "clubs.participant", "pk": 196, "fields": {"round_eliminated": -1}}, {"model": "clubs.participant", "pk": 197, "fields": {"round_eliminated": -1}}, {"model": "clubs.participant", "pk": 198, "fields": {"round_eliminated": -1}}, {"model": "clubs.participant", "pk": 199, "fields": {"round_eliminated": -1}}, {"model": "clubs.participant", "pk": 200, "fields": {"round_eliminated": -1}}, {"model": "clubs.participant", "pk": 201, "fields": {"round_eliminated": -1}}, {"model": "clubs.participant", "pk": 202, "fields": {"round_eliminated": -1}}, {"model": "clubs.participant", "pk": 203, "fields": {"round_eliminated": -1}}, {"model": "clubs.participant", "pk": 204, "fields": {"round_eliminated": -1}}, {"model": "clubs.participant", "pk": 205, "fields": {"round_eliminated": -1}}, {"model": "clubs.participant", "pk": 206, "fields": {"round_eliminated": -1}}, {"model": "clubs.participant", "pk": 207, "fields": {"round_eliminated": -1}}, {"model": "clubs.participant", "pk": 208, "fields": {"round_eliminated": -1}}, {"model": "clubs.participant", "pk": 209, "fields": {"round_eliminated": -1}}, {"model": "clubs.participant", "pk": 210, "fields": {"round_eliminated": -1}}, {"model": "clubs.participant", "pk": 211, "fields": {"round_eliminated": -1}}, {"model": "clubs.participant", "pk": 212, "fields": {"round_eliminated": -1}}, {"model": "clubs.participant", "pk": 213, "fields": {"round_eliminated": -1}}, {"model": "clubs.participant", "pk": 214, "fields": {"round_eliminated": -1}}, {"model": "clubs.participant", "pk": 215, "fields": {"round_eliminated": -1}}, {"model": "clubs.participant", "pk": 216, "fields": {"round_eliminated": -1}}, {"model": "clubs.participant", "pk": 217, "fields": {"round_eliminated": -1}}, {"model": "clubs.participant", "pk": 218, "fields": {"round_eliminated": -1}}, {"model": "clubs.participant", "pk": 219, "fields": {"round_eliminated": -1}}, {"model": "clubs.participant", "pk": 220, "fields": {"round_eliminated": -1}}, {"model": "clubs.participant", "pk": 221, "fields": {"round_eliminated": -1}}, {"model": "clubs.participant", "pk": 222, "fields": {"round_eliminated": -1}}, {"model": "clubs.participant", "pk": 223, "fields": {"round_eliminated": -1}}, {"model": "clubs.participant", "pk": 224, "fields": {"round_eliminated": -1}}, {"model": "clubs.participant", "pk": 225, "fields": {"round_eliminated": -1}}, {"model": "clubs.participant", "pk": 226, "fields": {"round_eliminated": -1}}, {"model": "clubs.participant", "pk": 227, "fields": {"round_eliminated": -1}}, {"model": "clubs.participant", "pk": 228, "fields": {"round_eliminated": -1}}, {"model": "clubs.participant", "pk": 229, "fields": {"round_eliminated": -1}}, {"model": "clubs.participant", "pk": 230, "fields": {"round_eliminated": -1}}, {"model": "clubs.participant", "pk": 231, "fields": {"round_eliminated": -1}}, {"model": "clubs.participant", "pk": 232, "fields": {"round_eliminated": -1}}, {"model": "clubs.participant", "pk": 233, "fields": {"round_eliminated": -1}}, {"model": "clubs.participant", "pk": 234, "fields": {"round_eliminated": -1}}, {"model": "clubs.participant", "pk": 235, "fields": {"round_eliminated": -1}}, {"model": "clubs.participant", "pk": 236, "fields": {"round_eliminated": -1}}, {"model": "clubs.participant", "pk": 237, "fields": {"round_eliminated": -1}}, {"model": "clubs.participant", "pk": 238, "fields": {"round_eliminated": -1}}, {"model": "clubs.participant", "pk": 239, "fields": {"round_eliminated": -1}}, {"model": "clubs.participant", "pk": 240, "fields": {"round_eliminated": -1}}, {"model": "clubs.participant", "pk": 241, "fields": {"round_eliminated": -1}}]