[{"model": "clubs.user", "pk": 904, "fields": {"password": "pbkdf2_sha256$260000$teEr58EAdtqdxjiD9PyTwb$KiVwHX/5ltOYHrqGVxAeylrwpc0ZGZsX1ieRMVopoPw=", "last_login": null, "is_superuser": false, "is_staff": false, "is_active": true, "date_joined": "2021-12-13T13:42:10.053Z", "username": "User95", "last_name": "Turner", "first_name": "Katie", "email": "95@example.org", "bio": "", "experience": 3, "groups": [], "user_permissions": []}}, {"model": "clubs.user", "pk": 905, "fields": {"password": "pbkdf2_sha256$260000$fvsSQJpWhdX8X4x1MpeWgb$MaQX0FsXIIMo6JMYm8/yuroJPf8cmRp52BD0LKaXOEo=", "last_login": null, "is_superuser": false, "is_staff": false, "is_active": true, "date_joined": "2021-12-13T13:42:09.827Z", "username": "User94", "last_name": "Harris", "first_name": "Linda", "email": "94@example.org", "bio": "", "experience": 2, "groups": [], "user_permissions": []}}, {"model": "clubs.user", "pk": 906, "fields": {"password": "pbkdf2_sha256$260000$aJODpIjIPmycGPUNOaWcKL$PVdN38DMr1hMhqEh4pDEuzPVevWkBemzxSbfE1Td4TE=", "last_login": null, "is_superuser": false, "is_staff": false, "is_active": true, "date_joined": "2021-12-13T13:42:09.600Z", "username": "User93", "last_name": "Hart", "first_name": "Lorraine", "email": "93@example.org", "bio": "", "experience": 1, "groups": [], "user_permissions": []}}, {"model": "clubs.user", "pk": 907, "fields": {"password": "pbkdf2_sha256$260000$v8rmyUPWRFfR6ML7FftfNn$PxG1dfVRamE44EZaJlMfaZszs3b0HSoQPbj9HPeG4mE=", "last_login": null, "is_superuser": false, "is_staff": false, "is_active": true, "date_joined": "2021-12-13T13:42:09.374Z", "username": "User92", "last_name": "Parkes", "first_name": "Victor", "email": "92@example.org", "bio": "", "experience": 3, "groups": [], "user_permissions": []}}, {"model": "clubs.user", "pk": 908, "fields": {"password": "pbkdf2_sha256$260000$6Uw3VjGgm6M712mKZsnoo8$xnuJQvigsehwD0ZcU3+Ygb6q1PbvBlS2QKxP1u3gV2Q=", "last_login": null, "is_superuser": false, "is_staff": false, "is_active": true, "date_joined": "2021-12-13T13:42:09.140Z", "username": "User91", "last_name": "Cross", "first_name": "David", "email": "91@example.org", "bio": "", "experience": 2, "groups": [], "user_permissions": []}}, {"model": "clubs.user", "pk": 909, "fields": {"password": "pbkdf2_sha256$260000$NWUwemcoaCUxmBrThd0p3W$680jNg+YvJLm3mSRFcQwJ7GroV8x9Sf0zWNeNWPaoM4=", "last_login": null, "is_superuser": false, "is_staff": false, "is_active": true, "date_joined": "2021-12-13T13:42:08.915Z", "username": "User90", "last_name": "Saunders", "first_name": "Leonard", "email": "90@example.org", "bio": "", "experience": 1, "groups": [], "user_permissions": []}}, {"model": "clubs.user", "pk": 910, "fields": {"password": "pbkdf2_sha256$260000$sE8SXvkMsrZAkjRV3Y7Noj$FbLGIx56MbSlb84fjmKqqhRNvuY385BnKONffdC1Ewo=", "last_login": null, "is_superuser": false, "is_staff": false, "is_active": true, "date_joined": "2021-12-13T13:42:08.686Z", "username": "User89", "last_name": "Turner", "first_name": "Dennis", "email": "89@example.org", "bio": "", "experience": 3, "groups": [], "user_permissions": []}}, {"model": "clubs.user", "pk": 911, "fields": {"password": "pbkdf2_sha256$260000$fif0PaNoEq9V6JEOGZv1gZ$b8DOOShi3b75UMFSCSnvHMtEHS3WhPYKaRICKIRyRTs=", "last_login": null, "is_superuser": false, "is_staff": false, "is_active": true, "date_joined": "2021-12-13T13:42:08.458Z", "username": "User88", "last_name": "Thomas", "first_name": "Albert", "email": "88@example.org", "bio": "", "experience": 2, "groups": [], "user_permissions": []}}, {"model": "clubs.user", "pk": 912, "fields": {"password": "pbkdf2_sha256$260000$nVYJ1gcf4xvVWvQg7rDHNT$LEd5bGglN8rDWOls4DJY1IQ67nb7aB6YEM3sde9qa0g=", "last_login": null, "is_superuser": false, "is_staff": false, "is_active": true, "date_joined": "2021-12-13T13:42:08.228Z", "username": "User87", "last_name": "Stewart", "first_name": "Stacey", "email": "87@example.org", "bio": "", "experience": 1, "groups": [], "user_permissions": []}}, {"model": "clubs.user", "pk": 913, "fields": {"password": "pbkdf2_sha256$260000$uzb0i1atNIGxFX4G9WD5sn$A6tdFvvxbyS7rO6cE6mkcxuvWKnMSr/hmTXF831N2GA=", "last_login": null, "is_superuser": false, "is_staff": false, "is_active": true, "date_joined": "2021-12-13T13:42:07.999Z", "username": "User86", "last_name": "Hughes", "first_name": "Abbie", "email": "86@example.org", "bio": "", "experience": 3, "groups": [], "user_permissions": []}}, {"model": "clubs.user", "pk": 914, "fields": {"password": "pbkdf2_sha256$260000$PaL4XeokzvNGDeb2skP1Ps$UyMTCjba8TGMsi6XWP0YdQt70E19bcGqhsf6D5CTN4c=", "last_login": null, "is_superuser": false, "is_staff": false, "is_active": true, "date_joined": "2021-12-13T13:42:07.746Z", "username": "User85", "last_name": "Smith", "first_name": "Kim", "email": "85@example.org", "bio": "", "experience": 2, "groups": [], "user_permissions": []}}, {"model": "clubs.user", "pk": 915, "fields": {"password": "pbkdf2_sha256$260000$LuW5whgaHVZf549w5koabm$m2fAIuai5yEWETn0CxSeYR5YSZCYWZlblOWbN7UTU2Y=", "last_login": null, "is_superuser": false, "is_staff": false, "is_active": true, "date_joined": "2021-12-13T13:42:07.510Z", "username": "User84", "last_name": "Bishop", "first_name": "Ruth", "email": "84@example.org", "bio": "", "experience": 1, "groups": [], "user_permissions": []}}, {"model": "clubs.user", "pk": 916, "fields": {"password": "pbkdf2_sha256$260000$znLQ4Fj4Mw3UFfn97smGdU$HJuez4I9LNRpHUM4AbOo9ZHZWydOJ+WZuMgj/t5DEQI=", "last_login": null, "is_superuser": false, "is_staff": false, "is_active": true, "date_joined": "2021-12-13T13:42:07.285Z", "username": "User83", "last_name": "Thomas", "first_name": "Amelia", "email": "83@example.org", "bio": "", "experience": 3, "groups": [], "user_permissions": []}}, {"model": "clubs.user", "pk": 917, "fields": {"password": "pbkdf2_sha256$260000$kmflHaZpAtFhhiQWiKUYbB$p2MfNuNTdG2RsBiNMKTu/gUnfSfQxnPMCjWOosXIKZQ=", "last_login": null, "is_superuser": false, "is_staff": false, "is_active": true, "date_joined": "2021-12-13T13:42:07.055Z", "username": "User82", "last_name": "Barnes", "first_name": "Helen", "email": "82@example.org", "bio": "", "experience": 2, "groups": [], "user_permissions": []}}, {"model": "clubs.user", "pk": 918, "fields": {"password": "pbkdf2_sha256$260000$EMCeWiOfZv1EgTz5vfzDwL$qyDFSAWEmpM8qo3LXDisPDXR13iIClXJgS5VOJvrZ2E=", "last_login": null, "is_superuser": false, "is_staff": false, "is_active": true, "date_joined": "2021-12-13T13:42:06.830Z", "username": "User81", "last_name": "Scott", "first_name": "Pauline", "email": "81@example.org", "bio": "", "experience": 1, "groups": [], "user_permissions": []}}, {"model": "clubs.user", "pk": 919, "fields": {"password": "pbkdf2_sha256$260000$rmW81VLkBCVQhx8v1RlchO$CGI4NRnR8Bn83Xl6FJfa3I6kB/TUSusa5QtWs7HQ1GQ=", "last_login": null, "is_superuser": false, "is_staff": false, "is_active": true, "date_joined": "2021-12-13T13:42:06.596Z", "username": "User80", "last_name": "Conway", "first_name": "Clare", "email": "80@example.org", "bio": "", "experience": 3, "groups": [], "user_permissions": []}}, {"model": "clubs.user", "pk": 920, "fields": {"password": "pbkdf2_sha256$260000$MAK3xsaMm8uwGsyBV9Z2yG$5AB5lTb69SzlbhHfWeqWpJw0YnKkz1UjaaGq1i8cT/E=", "last_login": null, "is_superuser": false, "is_staff": false, "is_active": true, "date_joined": "2021-12-13T13:42:06.366Z", "username": "User79", "last_name": "Holmes", "first_name": "Benjamin", "email": "79@example.org", "bio": "", "experience": 2, "groups": [], "user_permissions": []}}, {"model": "clubs.user", "pk": 921, "fields": {"password": "pbkdf2_sha256$260000$5yI2CkpXv2k48zbVTj6kaL$BYhe/+160ctoMQbAMFr55sNNL7ODMJpv5hObBxUfC9w=", "last_login": null, "is_superuser": false, "is_staff": false, "is_active": true, "date_joined": "2021-12-13T13:42:06.143Z", "username": "User78", "last_name": "Brown", "first_name": "Arthur", "email": "78@example.org", "bio": "", "experience": 1, "groups": [], "user_permissions": []}}, {"model": "clubs.user", "pk": 922, "fields": {"password": "pbkdf2_sha256$260000$tFrNLqfXKz2rq8iULJZm5Z$Mm38qRiuW4vopM3500Ac+n6OsFhHLh9TVnShplBoGhc=", "last_login": null, "is_superuser": false, "is_staff": false, "is_active": true, "date_joined": "2021-12-13T13:42:05.914Z", "username": "User77", "last_name": "Hussain", "first_name": "Kimberley", "email": "77@example.org", "bio": "", "experience": 3, "groups": [], "user_permissions": []}}, {"model": "clubs.user", "pk": 923, "fields": {"password": "pbkdf2_sha256$260000$RUSrqViPp8qYlSZFMU7jc6$pzfUPIiNUiVXQiTuGLHPuUdiUVn3TI4IU7vZ1TatqO8=", "last_login": null, "is_superuser": false, "is_staff": false, "is_active": true, "date_joined": "2021-12-13T13:42:05.690Z", "username": "User76", "last_name": "Scott", "first_name": "Garry", "email": "76@example.org", "bio": "", "experience": 2, "groups": [], "user_permissions": []}}, {"model": "clubs.user", "pk": 924, "fields": {"password": "pbkdf2_sha256$260000$3Ak7c9QvYzHz5Q6CtfGlVp$hNi/vIvPvUD7hgNKhUj39Izqy0bAcAjnlopCxG4PrtM=", "last_login": null, "is_superuser": false, "is_staff": false, "is_active": true, "date_joined": "2021-12-13T13:42:05.448Z", "username": "User75", "last_name": "Smith", "first_name": "Ashley", "email": "75@example.org", "bio": "", "experience": 1, "groups": [], "user_permissions": []}}, {"model": "clubs.user", "pk": 925, "fields": {"password": "pbkdf2_sha256$260000$GSfby5JhFyU8bVR2rt4naH$IiPxa6lyYHhXXnik8n682hqvr+5CCt9NiyXqKNVcut0=", "last_login": null, "is_superuser": false, "is_staff": false, "is_active": true, "date_joined": "2021-12-13T13:42:05.223Z", "username": "User74", "last_name": "Scott", "first_name": "Jay", "email": "74@example.org", "bio": "", "experience": 3, "groups": [], "user_permissions": []}}, {"model": "clubs.user", "pk": 926, "fields": {"password": "pbkdf2_sha256$260000$7rhY8Ss6QLGYJ4N7oFZotr$CXvZ0GArrALXkhlu7Ra0jAEVgWysIZSiLYR+AymEIzs=", "last_login": null, "is_superuser": false, "is_staff": false, "is_active": true, "date_joined": "2021-12-13T13:42:04.997Z", "username": "User73", "last_name": "Clements", "first_name": "Jessica", "email": "73@example.org", "bio": "", "experience": 2, "groups": [], "user_permissions": []}}, {"model": "clubs.user", "pk": 927, "fields": {"password": "pbkdf2_sha256$260000$tqZKvWaiyIOB8hium3T5JT$0JbIbWYlUuqcV57GZ0ack+mawyL2P+GHsTqOw1+3XpM=", "last_login": null, "is_superuser": false, "is_staff": false, "is_active": true, "date_joined": "2021-12-13T13:42:04.741Z", "username": "User72", "last_name": "Nicholson", "first_name": "Abigail", "email": "72@example.org", "bio": "", "experience": 1, "groups": [], "user_permissions": []}}, {"model": "clubs.user", "pk": 928, "fields": {"password": "pbkdf2_sha256$260000$JSr8gVHZrrVhtr8l0S94l5$dmlLdZlx0zpd1OtanH4DBHARsXiPAL13CT2IEVLs+GA=", "last_login": null, "is_superuser": false, "is_staff": false, "is_active": true, "date_joined": "2021-12-13T13:42:04.489Z", "username": "User71", "last_name": "Cunningham", "first_name": "Garry", "email": "71@example.org", "bio": "", "experience": 3, "groups": [], "user_permissions": []}}, {"model": "clubs.user", "pk": 929, "fields": {"password": "pbkdf2_sha256$260000$xkawvFkR1i8WyjQ59035W8$/FBDDOmBpppvvAG3qhtAUBZswZymA7IlIUkQg+Yg9Yc=", "last_login": null, "is_superuser": false, "is_staff": false, "is_active": true, "date_joined": "2021-12-13T13:42:04.259Z", "username": "User70", "last_name": "James", "first_name": "Max", "email": "70@example.org", "bio": "", "experience": 2, "groups": [], "user_permissions": []}}, {"model": "clubs.user", "pk": 930, "fields": {"password": "pbkdf2_sha256$260000$1HWnan6ZFYCP7dIBE3ck7O$ECyNALeUevEPwBe+HaNjZDa/RA/BGQIJfFoIKXeZL50=", "last_login": null, "is_superuser": false, "is_staff": false, "is_active": true, "date_joined": "2021-12-13T13:42:04.027Z", "username": "User69", "last_name": "Jones", "first_name": "Frederick", "email": "69@example.org", "bio": "", "experience": 1, "groups": [], "user_permissions": []}}, {"model": "clubs.user", "pk": 931, "fields": {"password": "pbkdf2_sha256$260000$BEYeadOoXuRX3czIt42qeu$bCo/5ugO+/esZ6Bd4kPMdOSXirO8i8CQxxGhJzCLElg=", "last_login": null, "is_superuser": false, "is_staff": false, "is_active": true, "date_joined": "2021-12-13T13:42:03.793Z", "username": "User68", "last_name": "Hunt", "first_name": "Frank", "email": "68@example.org", "bio": "", "experience": 3, "groups": [], "user_permissions": []}}, {"model": "clubs.user", "pk": 932, "fields": {"password": "pbkdf2_sha256$260000$G30KBuKYLpU34Ug4ygrVBG$oBmYuegRUh8cyLNBAT9dHEHK98+AXi4kazDzE6yW1UU=", "last_login": null, "is_superuser": false, "is_staff": false, "is_active": true, "date_joined": "2021-12-13T13:42:03.557Z", "username": "User67", "last_name": "Baldwin", "first_name": "Lee", "email": "67@example.org", "bio": "", "experience": 2, "groups": [], "user_permissions": []}}, {"model": "clubs.user", "pk": 933, "fields": {"password": "pbkdf2_sha256$260000$ADjztfp7vkV3XFI3nbYxFD$/rTKjbQxDEk9A1M9B+h0Ao4EPTv3TFzECdb8O7SKUpw=", "last_login": null, "is_superuser": false, "is_staff": false, "is_active": true, "date_joined": "2021-12-13T13:42:03.318Z", "username": "User66", "last_name": "Harris", "first_name": "Martin", "email": "66@example.org", "bio": "", "experience": 1, "groups": [], "user_permissions": []}}, {"model": "clubs.user", "pk": 934, "fields": {"password": "pbkdf2_sha256$260000$vfrg7CnCwF2lyNudKe1OE4$AhSi0AUt70lVVVDqa6T1NHpw/uuAlIgXO0uSCvvEIkI=", "last_login": null, "is_superuser": false, "is_staff": false, "is_active": true, "date_joined": "2021-12-13T13:42:03.090Z", "username": "User65", "last_name": "Hewitt", "first_name": "Sam", "email": "65@example.org", "bio": "", "experience": 3, "groups": [], "user_permissions": []}}, {"model": "clubs.user", "pk": 935, "fields": {"password": "pbkdf2_sha256$260000$dNquGTSNxSaZxrU2vkLX1f$o3GoHZTOUJsYDOKlm780ve3sAqERvdsNMxQWQDd1TIs=", "last_login": null, "is_superuser": false, "is_staff": false, "is_active": true, "date_joined": "2021-12-13T13:42:02.860Z", "username": "User64", "last_name": "Griffin", "first_name": "Hilary", "email": "64@example.org", "bio": "", "experience": 2, "groups": [], "user_permissions": []}}, {"model": "clubs.user", "pk": 936, "fields": {"password": "pbkdf2_sha256$260000$FymO3VTOy3x0RMkEKNu6JB$AOmqcA+8gR0WkbBVhuqIPdg5z1a0xSl+yKho9Lo1AIA=", "last_login": null, "is_superuser": false, "is_staff": false, "is_active": true, "date_joined": "2021-12-13T13:42:02.630Z", "username": "User63", "last_name": "Sykes", "first_name": "Hugh", "email": "63@example.org", "bio": "", "experience": 1, "groups": [], "user_permissions": []}}, {"model": "clubs.user", "pk": 937, "fields": {"password": "pbkdf2_sha256$260000$SliYN7ihn89z3dsJWatMOJ$E6XSnhv9ncgh9DZMQ4XMJsqo66qcU+HiFXSP7nNJNY8=", "last_login": null, "is_superuser": false, "is_staff": false, "is_active": true, "date_joined": "2021-12-13T13:42:02.404Z", "username": "User62", "last_name": "Mellor", "first_name": "Valerie", "email": "62@example.org", "bio": "", "experience": 3, "groups": [], "user_permissions": []}}, {"model": "clubs.user", "pk": 938, "fields": {"password": "pbkdf2_sha256$260000$HpXVvFeR1dBiafzDh9RzfZ$99u/KUsuAWnRXkVwTXO+Go2pkL8zkC4jeSgSlltkUhA=", "last_login": null, "is_superuser": false, "is_staff": false, "is_active": true, "date_joined": "2021-12-13T13:42:02.172Z", "username": "User61", "last_name": "Miller", "first_name": "Amber", "email": "61@example.org", "bio": "", "experience": 2, "groups": [], "user_permissions": []}}, {"model": "clubs.user", "pk": 939, "fields": {"password": "pbkdf2_sha256$260000$p7wtEoVWUBVhqCsDc4ZDPD$F9axaxFnOykzlArb5iFFjPadfBKbTxz+DQqpT0fAvmM=", "last_login": null, "is_superuser": false, "is_staff": false, "is_active": true, "date_joined": "2021-12-13T13:42:01.948Z", "username": "User60", "last_name": "Doyle", "first_name": "Kayleigh", "email": "60@example.org", "bio": "", "experience": 1, "groups": [], "user_permissions": []}}, {"model": "clubs.user", "pk": 940, "fields": {"password": "pbkdf2_sha256$260000$whXd34o74xStAkynHhmpHl$czM25kn94ODLxA1qw6h+U24KDFJS15rHaM6gSazB64M=", "last_login": null, "is_superuser": false, "is_staff": false, "is_active": true, "date_joined": "2021-12-13T13:42:01.722Z", "username": "User59", "last_name": "Holden", "first_name": "Donald", "email": "59@example.org", "bio": "", "experience": 3, "groups": [], "user_permissions": []}}, {"model": "clubs.user", "pk": 941, "fields": {"password": "pbkdf2_sha256$260000$2B6f5LA4d6ZaZYmEhwyc0A$hxfRsFBKjo4VTrF/mnKSWxvGIdgTAcCloavnFgJB5w4=", "last_login": null, "is_superuser": false, "is_staff": false, "is_active": true, "date_joined": "2021-12-13T13:42:01.493Z", "username": "User58", "last_name": "Hodgson", "first_name": "Barry", "email": "58@example.org", "bio": "", "experience": 2, "groups": [], "user_permissions": []}}, {"model": "clubs.user", "pk": 942, "fields": {"password": "pbkdf2_sha256$260000$0DqyDCbUrM8Ra2wDPXQqj1$7nGQO4DBBzlG3Q7mOk16lgt2HzgZypmX+qwFD1y9NBU=", "last_login": null, "is_superuser": false, "is_staff": false, "is_active": true, "date_joined": "2021-12-13T13:42:01.241Z", "username": "User57", "last_name": "Watson", "first_name": "Tracey", "email": "57@example.org", "bio": "", "experience": 1, "groups": [], "user_permissions": []}}, {"model": "clubs.user", "pk": 943, "fields": {"password": "pbkdf2_sha256$260000$d28a6o6goDhvXv3yXqSQsS$xjl/jUCsKHeeTB48Pp6AZYPfIJe/q4shgWohx0NcsXM=", "last_login": null, "is_superuser": false, "is_staff": false, "is_active": true, "date_joined": "2021-12-13T13:42:00.975Z", "username": "User56", "last_name": "Skinner", "first_name": "Edward", "email": "56@example.org", "bio": "", "experience": 3, "groups": [], "user_permissions": []}}, {"model": "clubs.user", "pk": 944, "fields": {"password": "pbkdf2_sha256$260000$jtk34mQXJL6017z7o4txtW$8l4+nLot4J8lAVSLkSmJzT/ZfcZreaBEG3LaLHxLbBM=", "last_login": null, "is_superuser": false, "is_staff": false, "is_active": true, "date_joined": "2021-12-13T13:42:00.749Z", "username": "User55", "last_name": "Collier", "first_name": "Robert", "email": "55@example.org", "bio": "", "experience": 2, "groups": [], "user_permissions": []}}, {"model": "clubs.user", "pk": 945, "fields": {"password": "pbkdf2_sha256$260000$816V4NEvgkXZpa16uWSym4$NKBBDM+cTDJncTRDp1eAQVxAHwUYYimzuHbCN7uHAjQ=", "last_login": null, "is_superuser": false, "is_staff": false, "is_active": true, "date_joined": "2021-12-13T13:42:00.517Z", "username": "User54", "last_name": "Patel", "first_name": "Roy", "email": "54@example.org", "bio": "", "experience": 1, "groups": [], "user_permissions": []}}, {"model": "clubs.user", "pk": 946, "fields": {"password": "pbkdf2_sha256$260000$ZlrKuPsATp0lpSQIFbdpRf$Ob9y/mdKEab/Z8ImTmjszat79M2EQ8KMXVY4+J0cv1k=", "last_login": null, "is_superuser": false, "is_staff": false, "is_active": true, "date_joined": "2021-12-13T13:42:00.290Z", "username": "User53", "last_name": "Pollard", "first_name": "Julie", "email": "53@example.org", "bio": "", "experience": 3, "groups": [], "user_permissions": []}}, {"model": "clubs.user", "pk": 947, "fields": {"password": "pbkdf2_sha256$260000$hylrKuf2YiMvfZQHhx6gdC$ViSOY4uM1OUL2g0wu7CWhlheeqekOnTVWxhBFqX9mLM=", "last_login": null, "is_superuser": false, "is_staff": false, "is_active": true, "date_joined": "2021-12-13T13:42:00.062Z", "username": "User52", "last_name": "Bell", "first_name": "Kathryn", "email": "52@example.org", "bio": "", "experience": 2, "groups": [], "user_permissions": []}}, {"model": "clubs.user", "pk": 948, "fields": {"password": "pbkdf2_sha256$260000$JtBUw3cnKfZjDDn66IChMg$bjecW4pwmNI2eXD9mAW1AV1Hw6/MhGjn2aU5dcwwB1I=", "last_login": null, "is_superuser": false, "is_staff": false, "is_active": true, "date_joined": "2021-12-13T13:41:59.834Z", "username": "User51", "last_name": "Hale", "first_name": "Eileen", "email": "51@example.org", "bio": "", "experience": 1, "groups": [], "user_permissions": []}}, {"model": "clubs.user", "pk": 949, "fields": {"password": "pbkdf2_sha256$260000$upfrvpWDpbo1Sx1Co7hNs0$uJaDPoWdQPos07AatWFsBZ5nrk5pWdlnv336PMusxu4=", "last_login": null, "is_superuser": false, "is_staff": false, "is_active": true, "date_joined": "2021-12-13T13:41:59.611Z", "username": "User50", "last_name": "Greenwood", "first_name": "Kenneth", "email": "50@example.org", "bio": "", "experience": 3, "groups": [], "user_permissions": []}}, {"model": "clubs.user", "pk": 950, "fields": {"password": "pbkdf2_sha256$260000$fsEQDlVHwCcEUyp4bs4jH8$V9J/1JyQiIPwJBcmKSgMABJlR+v1TeqNTMPdDkeNb7A=", "last_login": null, "is_superuser": false, "is_staff": false, "is_active": true, "date_joined": "2021-12-13T13:41:59.388Z", "username": "User49", "last_name": "McCarthy", "first_name": "Dale", "email": "49@example.org", "bio": "", "experience": 2, "groups": [], "user_permissions": []}}, {"model": "clubs.user", "pk": 951, "fields": {"password": "pbkdf2_sha256$260000$gUO25fVbT5JHjNtGTabBYG$XAwz2kF24EJkXYyzBBozADq3M0lQBRPpMPo67TzRxYA=", "last_login": null, "is_superuser": false, "is_staff": false, "is_active": true, "date_joined": "2021-12-13T13:41:59.156Z", "username": "User48", "last_name": "Chan", "first_name": "Trevor", "email": "48@example.org", "bio": "", "experience": 1, "groups": [], "user_permissions": []}}, {"model": "clubs.user", "pk": 952, "fields": {"password": "pbkdf2_sha256$260000$xhQcofEYQAqHeUCsfJtnHX$6K4toID11JY33NpnbgplwQJjSpkUCRhUbGBg+EuPcgE=", "last_login": null, "is_superuser": false, "is_staff": false, "is_active": true, "date_joined": "2021-12-13T13:41:58.928Z", "username": "User47", "last_name": "Noble", "first_name": "Derek", "email": "47@example.org", "bio": "", "experience": 3, "groups": [], "user_permissions": []}}, {"model": "clubs.user", "pk": 953, "fields": {"password": "pbkdf2_sha256$260000$kyKfYg9kprwQ1tJ7NFvVJb$ktUAaFCMbpO5+Zy6gXbRAW2J/9Yg0QTqCkhhF5LEq0A=", "last_login": null, "is_superuser": false, "is_staff": false, "is_active": true, "date_joined": "2021-12-13T13:41:58.711Z", "username": "User46", "last_name": "Stevenson", "first_name": "Ricky", "email": "46@example.org", "bio": "", "experience": 2, "groups": [], "user_permissions": []}}, {"model": "clubs.user", "pk": 954, "fields": {"password": "pbkdf2_sha256$260000$VjG0EBhlU6OEPketQzq0JI$mH9bdOUq2liTuimnbzAqjGDCAdorch6HNSaUA4rvk7w=", "last_login": null, "is_superuser": false, "is_staff": false, "is_active": true, "date_joined": "2021-12-13T13:41:58.492Z", "username": "User45", "last_name": "Stanley", "first_name": "Edward", "email": "45@example.org", "bio": "", "experience": 1, "groups": [], "user_permissions": []}}, {"model": "clubs.user", "pk": 955, "fields": {"password": "pbkdf2_sha256$260000$PjjID7vuA7Y0JkyEtO7AVf$Go7UDXp3oHVvp1dEEd6otm9ZS5n2r+EXd0Kyspd/mNk=", "last_login": null, "is_superuser": false, "is_staff": false, "is_active": true, "date_joined": "2021-12-13T13:41:58.272Z", "username": "User44", "last_name": "Cross", "first_name": "Sheila", "email": "44@example.org", "bio": "", "experience": 3, "groups": [], "user_permissions": []}}, {"model": "clubs.user", "pk": 956, "fields": {"password": "pbkdf2_sha256$260000$qfYKa6nUACMcHty6fOmW9h$PCa+k0Tbg8tuMyGV/Q8bBTgwMPJRst9FEmv5/29nkQE=", "last_login": null, "is_superuser": false, "is_staff": false, "is_active": true, "date_joined": "2021-12-13T13:41:58.049Z", "username": "User43", "last_name": "Taylor", "first_name": "Annette", "email": "43@example.org", "bio": "", "experience": 2, "groups": [], "user_permissions": []}}, {"model": "clubs.user", "pk": 957, "fields": {"password": "pbkdf2_sha256$260000$NzPEY2wMfUa0blWKZFgBXS$+hBFaO1Wij29qSbpQlF1JZc5HOtl+P9tXBrRAsomBo0=", "last_login": null, "is_superuser": false, "is_staff": false, "is_active": true, "date_joined": "2021-12-13T13:41:57.823Z", "username": "User42", "last_name": "Gregory", "first_name": "Ross", "email": "42@example.org", "bio": "", "experience": 1, "groups": [], "user_permissions": []}}, {"model": "clubs.user", "pk": 958, "fields": {"password": "pbkdf2_sha256$260000$jrHtcwtaw5O5tVAyfooAir$QfOJ16XjrPTYmgoaBrZJrHy8DZi//VhmVCAtpQktGTU=", "last_login": null, "is_superuser": false, "is_staff": false, "is_active": true, "date_joined": "2021-12-13T13:41:57.596Z", "username": "User41", "last_name": "Bray", "first_name": "Catherine", "email": "41@example.org", "bio": "", "experience": 3, "groups": [], "user_permissions": []}}, {"model": "clubs.user", "pk": 959, "fields": {"password": "pbkdf2_sha256$260000$8hTcPtHaeO9s3tuOVQXUuM$AX1fmAVXRgKsaAXHp6b6szFl2dlPnutyNWs0491058c=", "last_login": null, "is_superuser": false, "is_staff": false, "is_active": true, "date_joined": "2021-12-13T13:41:57.370Z", "username": "User40", "last_name": "Evans", "first_name": "Anna", "email": "40@example.org", "bio": "", "experience": 2, "groups": [], "user_permissions": []}}, {"model": "clubs.user", "pk": 960, "fields": {"password": "pbkdf2_sha256$260000$qmJXLpvPZPjHEcRr0PDpdV$T6KWsDuWPw68m6vLz5vP2NLMRBD8Fzd3L9CjZyPrAcI=", "last_login": null, "is_superuser": false, "is_staff": false, "is_active": true, "date_joined": "2021-12-13T13:41:57.140Z", "username": "User39", "last_name": "Lawson", "first_name": "Barbara", "email": "39@example.org", "bio": "", "experience": 1, "groups": [], "user_permissions": []}}, {"model": "clubs.user", "pk": 961, "fields": {"password": "pbkdf2_sha256$260000$DxSPe8MVsADlekhMI5qmQe$zX+XtNYm0Wd58Cq0vVFppZ67JaRCKW09IfPJ5mCNKP4=", "last_login": null, "is_superuser": false, "is_staff": false, "is_active": true, "date_joined": "2021-12-13T13:41:56.919Z", "username": "User38", "last_name": "Chapman", "first_name": "Fiona", "email": "38@example.org", "bio": "", "experience": 3, "groups": [], "user_permissions": []}}, {"model": "clubs.user", "pk": 962, "fields": {"password": "pbkdf2_sha256$260000$OG3KFeGwH3HHB3aZcS2UKs$b7a+FxkvweCPACSV/1Z4K/McC5RF1my+RwYC5mO923A=", "last_login": null, "is_superuser": false, "is_staff": false, "is_active": true, "date_joined": "2021-12-13T13:41:56.694Z", "username": "User37", "last_name": "Blackburn", "first_name": "Geoffrey", "email": "37@example.org", "bio": "", "experience": 2, "groups": [], "user_permissions": []}}, {"model": "clubs.user", "pk": 963, "fields": {"password": "pbkdf2_sha256$260000$SN9X8ApFkJ4hJ5N6xdP012$sM7LntcpZiYdpVsdhx/8ftYJMSraYCed7WaLN4bFUpo=", "last_login": null, "is_superuser": false, "is_staff": false, "is_active": true, "date_joined": "2021-12-13T13:41:56.471Z", "username": "User36", "last_name": "Moore", "first_name": "Linda", "email": "36@example.org", "bio": "", "experience": 1, "groups": [], "user_permissions": []}}, {"model": "clubs.user", "pk": 964, "fields": {"password": "pbkdf2_sha256$260000$XYl6xYhCs3Q25BgAUjJ3nC$w8cGhrbvnvJPE6KbOpGmZV3gEVa/yDDJTNUOX8qA4C8=", "last_login": null, "is_superuser": false, "is_staff": false, "is_active": true, "date_joined": "2021-12-13T13:41:56.245Z", "username": "User35", "last_name": "Owen", "first_name": "Christine", "email": "35@example.org", "bio": "", "experience": 3, "groups": [], "user_permissions": []}}, {"model": "clubs.user", "pk": 965, "fields": {"password": "pbkdf2_sha256$260000$QELr2HFq2DsVQVEWoFJizi$09eb0XcCyexUD0FSeUAFaMbR3uNYCO5UpLmDKHnjpKs=", "last_login": null, "is_superuser": false, "is_staff": false, "is_active": true, "date_joined": "2021-12-13T13:41:56.027Z", "username": "User34", "last_name": "Williams", "first_name": "Victor", "email": "34@example.org", "bio": "", "experience": 2, "groups": [], "user_permissions": []}}, {"model": "clubs.user", "pk": 966, "fields": {"password": "pbkdf2_sha256$260000$P9zQn2rb5sO5uvtxYFNVLK$8GbqVvb+x8sooj7BexhH79YzD5mT5M06Xe4ou+RBdnQ=", "last_login": null, "is_superuser": false, "is_staff": false, "is_active": true, "date_joined": "2021-12-13T13:41:55.811Z", "username": "User33", "last_name": "Cameron", "first_name": "Nicholas", "email": "33@example.org", "bio": "", "experience": 1, "groups": [], "user_permissions": []}}, {"model": "clubs.user", "pk": 967, "fields": {"password": "pbkdf2_sha256$260000$QgXHsWtEkRqZzRKKtUgwWN$LXtkjJNj+96iq6tDRfQoCXI8iG3/togD5hEKH3VHAKw=", "last_login": null, "is_superuser": false, "is_staff": false, "is_active": true, "date_joined": "2021-12-13T13:41:55.568Z", "username": "User32", "last_name": "Chapman", "first_name": "Dominic", "email": "32@example.org", "bio": "", "experience": 3, "groups": [], "user_permissions": []}}, {"model": "clubs.user", "pk": 968, "fields": {"password": "pbkdf2_sha256$260000$XVoikUVzcTOtAlSwm9KFYR$5izUOh3rs9svxRtfqIXP9x6gKzSdiXL50ROUPEZHiks=", "last_login": null, "is_superuser": false, "is_staff": false, "is_active": true, "date_joined": "2021-12-13T13:41:55.342Z", "username": "User31", "last_name": "Holt", "first_name": "Lewis", "email": "31@example.org", "bio": "", "experience": 2, "groups": [], "user_permissions": []}}, {"model": "clubs.user", "pk": 969, "fields": {"password": "pbkdf2_sha256$260000$qZcFFZJ5tBJV4Fms1iPcnP$7xiAaZ1S9k9+1mGQW3LLiFvjZ4cPD+iZQCyzfXuQM/Y=", "last_login": null, "is_superuser": false, "is_staff": false, "is_active": true, "date_joined": "2021-12-13T13:41:55.105Z", "username": "User30", "last_name": "Hall", "first_name": "Raymond", "email": "30@example.org", "bio": "", "experience": 1, "groups": [], "user_permissions": []}}, {"model": "clubs.user", "pk": 970, "fields": {"password": "pbkdf2_sha256$260000$rNQTzxZvuml75DmKFem1IY$EitpWFVytaUWOYOZbwHG5yZ+BDxEBGkNI/6sS7ASC4E=", "last_login": null, "is_superuser": false, "is_staff": false, "is_active": true, "date_joined": "2021-12-13T13:41:54.882Z", "username": "User29", "last_name": "Spencer", "first_name": "Owen", "email": "29@example.org", "bio": "", "experience": 3, "groups": [], "user_permissions": []}}, {"model": "clubs.user", "pk": 971, "fields": {"password": "pbkdf2_sha256$260000$9El3qPjH8NGhkdgRYaRUzr$H4TWdhy2CaYuSFf0O/IzZF/k/mm2p1dccHoc4C0W7CM=", "last_login": null, "is_superuser": false, "is_staff": false, "is_active": true, "date_joined": "2021-12-13T13:41:54.661Z", "username": "User28", "last_name": "Howard", "first_name": "Kayleigh", "email": "28@example.org", "bio": "", "experience": 2, "groups": [], "user_permissions": []}}, {"model": "clubs.user", "pk": 972, "fields": {"password": "pbkdf2_sha256$260000$Aczff3GjzTBo21d6pIsdA4$FcKAi/XKEVmJ01UAhRGNXVJQvdJYhOn8J4e+CMt2OmM=", "last_login": null, "is_superuser": false, "is_staff": false, "is_active": true, "date_joined": "2021-12-13T13:41:54.441Z", "username": "User27", "last_name": "Morgan", "first_name": "Michael", "email": "27@example.org", "bio": "", "experience": 1, "groups": [], "user_permissions": []}}, {"model": "clubs.user", "pk": 973, "fields": {"password": "pbkdf2_sha256$260000$sP9z8oEg0RO4rde5c45Em2$+XuVPWbx2qA+b7Wnw1Hoz+56R9bvOc62USigAKJk310=", "last_login": null, "is_superuser": false, "is_staff": false, "is_active": true, "date_joined": "2021-12-13T13:41:54.219Z", "username": "User26", "last_name": "Allen", "first_name": "Guy", "email": "26@example.org", "bio": "", "experience": 3, "groups": [], "user_permissions": []}}, {"model": "clubs.user", "pk": 974, "fields": {"password": "pbkdf2_sha256$260000$DoKmU0pjajzCLraqnv80ld$zYzhiUFLen5hY11K8heZAldXxDvyS9ZzTNrZ6fXdC7k=", "last_login": null, "is_superuser": false, "is_staff": false, "is_active": true, "date_joined": "2021-12-13T13:41:53.998Z", "username": "User25", "last_name": "Hamilton", "first_name": "Lee", "email": "25@example.org", "bio": "", "experience": 2, "groups": [], "user_permissions": []}}, {"model": "clubs.user", "pk": 975, "fields": {"password": "pbkdf2_sha256$260000$W3u4K7INjShXHnSFzhBh0x$hIm6zvNm5jnU6bUYxiPTvgftUOFr6buiL4YXy8nZmsU=", "last_login": null, "is_superuser": false, "is_staff": false, "is_active": true, "date_joined": "2021-12-13T13:41:53.775Z", "username": "User24", "last_name": "Lambert", "first_name": "Christine", "email": "24@example.org", "bio": "", "experience": 1, "groups": [], "user_permissions": []}}, {"model": "clubs.user", "pk": 976, "fields": {"password": "pbkdf2_sha256$260000$bk3TdI3NQLJIE3y9bnT8nu$9ZiOTSanKlW6u3M851rPpl2IIacaZFH/qois1pszGZY=", "last_login": null, "is_superuser": false, "is_staff": false, "is_active": true, "date_joined": "2021-12-13T13:41:53.548Z", "username": "User23", "last_name": "Miller", "first_name": "Phillip", "email": "23@example.org", "bio": "", "experience": 3, "groups": [], "user_permissions": []}}, {"model": "clubs.user", "pk": 977, "fields": {"password": "pbkdf2_sha256$260000$JY6CL5x0PpZrEmRnHRmDTT$/stbI7f57NBTEWQcl50wbNsV4tRuRArzZZdu4svzC4E=", "last_login": null, "is_superuser": false, "is_staff": false, "is_active": true, "date_joined": "2021-12-13T13:41:53.327Z", "username": "User22", "last_name": "Williams", "first_name": "Sheila", "email": "22@example.org", "bio": "", "experience": 2, "groups": [], "user_permissions": []}}, {"model": "clubs.user", "pk": 978, "fields": {"password": "pbkdf2_sha256$260000$G38caOlW8OeZZxuZnC76f0$0eIn0z3jm1Xii7E0SjEuclsdjzC/vdM9qmy+bjeOemM=", "last_login": null, "is_superuser": false, "is_staff": false, "is_active": true, "date_joined": "2021-12-13T13:41:53.090Z", "username": "User21", "last_name": "Smith", "first_name": "Abbie", "email": "21@example.org", "bio": "", "experience": 1, "groups": [], "user_permissions": []}}, {"model": "clubs.user", "pk": 979, "fields": {"password": "pbkdf2_sha256$260000$M5ZtedcoyVPG24FR82DGXW$K+eFq58jixrlhnmhv9vzN9fztn/8H4VthLy4GJ5rnvY=", "last_login": null, "is_superuser": false, "is_staff": false, "is_active": true, "date_joined": "2021-12-13T13:41:52.867Z", "username": "User20", "last_name": "Davies", "first_name": "Charlotte", "email": "20@example.org", "bio": "", "experience": 3, "groups": [], "user_permissions": []}}, {"model": "clubs.user", "pk": 980, "fields": {"password": "pbkdf2_sha256$260000$iiV0Cfl8AYxxUHIimEMa4u$nu3KiArVp8/DFfFB4PubtUU48KYXTEJnXpROkeibPj8=", "last_login": null, "is_superuser": false, "is_staff": false, "is_active": true, "date_joined": "2021-12-13T13:41:52.648Z", "username": "User19", "last_name": "Barlow", "first_name": "Ellie", "email": "19@example.org", "bio": "", "experience": 2, "groups": [], "user_permissions": []}}, {"model": "clubs.user", "pk": 981, "fields": {"password": "pbkdf2_sha256$260000$uFJ31c7o5nkuKUt6RncC3n$djK4Acfy/il56pEjUa56xD1jw4nbIsMxneVmU8Pt+WA=", "last_login": null, "is_superuser": false, "is_staff": false, "is_active": true, "date_joined": "2021-12-13T13:41:52.426Z", "username": "User18", "last_name": "Hobbs", "first_name": "Melissa", "email": "18@example.org", "bio": "", "experience": 1, "groups": [], "user_permissions": []}}, {"model": "clubs.user", "pk": 982, "fields": {"password": "pbkdf2_sha256$260000$LwAr1pUjajKveZKy7zrpKS$ImqupGG+HIi8R3PWiJWuS/hjI0A2m+29BMrlW0a4M94=", "last_login": null, "is_superuser": false, "is_staff": false, "is_active": true, "date_joined": "2021-12-13T13:41:52.203Z", "username": "User17", "last_name": "Ford", "first_name": "Kelly", "email": "17@example.org", "bio": "", "experience": 3, "groups": [], "user_permissions": []}}, {"model": "clubs.user", "pk": 983, "fields": {"password": "pbkdf2_sha256$260000$DXvwQv9h4M4TaZ0390KBRz$zPHBYiFZmYvK5Y1ohr9wv4ZN+jRbMBN6NiBafKL+waY=", "last_login": null, "is_superuser": false, "is_staff": false, "is_active": true, "date_joined": "2021-12-13T13:41:51.982Z", "username": "User16", "last_name": "Jones", "first_name": "Sharon", "email": "16@example.org", "bio": "", "experience": 2, "groups": [], "user_permissions": []}}, {"model": "clubs.user", "pk": 984, "fields": {"password": "pbkdf2_sha256$260000$Mvmt2iU4MlQWeLCJCle2s6$bSwEDFCBiLxfkEDPitE1zeisNS/0vtCooQtcCa1dnQo=", "last_login": null, "is_superuser": false, "is_staff": false, "is_active": true, "date_joined": "2021-12-13T13:41:51.757Z", "username": "User15", "last_name": "Thomas", "first_name": "Hannah", "email": "15@example.org", "bio": "", "experience": 1, "groups": [], "user_permissions": []}}, {"model": "clubs.user", "pk": 985, "fields": {"password": "pbkdf2_sha256$260000$UJ3HFALUFEKjEeKx9OIb2V$HUACFhwSTClTEoISYqIddmoX0RxbZe3wv0tzhxaHixQ=", "last_login": null, "is_superuser": false, "is_staff": false, "is_active": true, "date_joined": "2021-12-13T13:41:51.532Z", "username": "User14", "last_name": "Weston", "first_name": "Teresa", "email": "14@example.org", "bio": "", "experience": 3, "groups": [], "user_permissions": []}}, {"model": "clubs.user", "pk": 986, "fields": {"password": "pbkdf2_sha256$260000$ELqn4Cj0zvhhY71EPzzkzs$Ix3st1vcZmOECubX4zXQuv7MLxOA/6qYizaIf8oas14=", "last_login": null, "is_superuser": false, "is_staff": false, "is_active": true, "date_joined": "2021-12-13T13:41:51.310Z", "username": "User13", "last_name": "Gardner", "first_name": "Ronald", "email": "13@example.org", "bio": "", "experience": 2, "groups": [], "user_permissions": []}}, {"model": "clubs.user", "pk": 987, "fields": {"password": "pbkdf2_sha256$260000$sJZEgY1pBwqgwi60LwKAXi$tfqlwqINKjhtIC/P5W470s1MDCy9Vn8cEJnbpkP8zC8=", "last_login": null, "is_superuser": false, "is_staff": false, "is_active": true, "date_joined": "2021-12-13T13:41:51.078Z", "username": "User12", "last_name": "Simpson", "first_name": "Maurice", "email": "12@example.org", "bio": "", "experience": 1, "groups": [], "user_permissions": []}}, {"model": "clubs.user", "pk": 988, "fields": {"password": "pbkdf2_sha256$260000$BikGlLhtw3vjUKFjBtlL7y$4aHW1hC46j/mLu9BcZgUn1t20hyJ8ceMtB2DFK5d8x0=", "last_login": null, "is_superuser": false, "is_staff": false, "is_active": true, "date_joined": "2021-12-13T13:41:50.846Z", "username": "User11", "last_name": "Davis", "first_name": "Angela", "email": "11@example.org", "bio": "", "experience": 3, "groups": [], "user_permissions": []}}, {"model": "clubs.user", "pk": 989, "fields": {"password": "pbkdf2_sha256$260000$bbnoEL7lj31dqvXnzWhs9F$0oqw/D8Iop2VR/H14PAS4k5TIG3lamMmrYvzbpp92fE=", "last_login": null, "is_superuser": false, "is_staff": false, "is_active": true, "date_joined": "2021-12-13T13:41:50.625Z", "username": "User10", "last_name": "Shaw", "first_name": "Frederick", "email": "10@example.org", "bio": "", "experience": 2, "groups": [], "user_permissions": []}}, {"model": "clubs.user", "pk": 990, "fields": {"password": "pbkdf2_sha256$260000$dfBNn9Ft9gdT6AmpgQOat8$E1pmiwpuZZCQGh+hW+Ut4FxfBki81exs1hkvI0sBwEU=", "last_login": null, "is_superuser": false, "is_staff": false, "is_active": true, "date_joined": "2021-12-13T13:41:50.403Z", "username": "User9", "last_name": "Davies", "first_name": "Jack", "email": "9@example.org", "bio": "", "experience": 1, "groups": [], "user_permissions": []}}, {"model": "clubs.user", "pk": 991, "fields": {"password": "pbkdf2_sha256$260000$hi2njo4vvTnkhiSNRJn7jj$+OR+r7JCwhQ+uPaWMcbJiWoLyjXrrFT0i+Gxyw8LTZQ=", "last_login": null, "is_superuser": false, "is_staff": false, "is_active": true, "date_joined": "2021-12-13T13:41:50.176Z", "username": "User8", "last_name": "Begum", "first_name": "Eleanor", "email": "8@example.org", "bio": "", "experience": 3, "groups": [], "user_permissions": []}}, {"model": "clubs.user", "pk": 992, "fields": {"password": "pbkdf2_sha256$260000$UBJ3zlXbmypkSkGzvgSNK2$C84ZBiU2VcqLGX5NgHfccLCGpOYXjJLWXnNitwAY5wQ=", "last_login": null, "is_superuser": false, "is_staff": false, "is_active": true, "date_joined": "2021-12-13T13:41:49.949Z", "username": "User7", "last_name": "Evans", "first_name": "Mathew", "email": "7@example.org", "bio": "", "experience": 2, "groups": [], "user_permissions": []}}, {"model": "clubs.user", "pk": 993, "fields": {"password": "pbkdf2_sha256$260000$fkl5bVY9Y3jrS687nwkq4f$Sfh7g4Ms63POXNkSY8uJVQn2ZEBMGeg4ZPVTwdM+V2A=", "last_login": null, "is_superuser": false, "is_staff": false, "is_active": true, "date_joined": "2021-12-13T13:41:49.718Z", "username": "User6", "last_name": "Shaw", "first_name": "Marion", "email": "6@example.org", "bio": "", "experience": 1, "groups": [], "user_permissions": []}}, {"model": "clubs.user", "pk": 994, "fields": {"password": "pbkdf2_sha256$260000$HLu8I9lPtKVrPYz0kKknaM$HU6Ch4uoFsqXY8bTg4dy4ZvP50ATHewPwm+V9jqu2Ss=", "last_login": null, "is_superuser": false, "is_staff": false, "is_active": true, "date_joined": "2021-12-13T13:41:49.484Z", "username": "User5", "last_name": "Reynolds", "first_name": "Danny", "email": "5@example.org", "bio": "", "experience": 3, "groups": [], "user_permissions": []}}, {"model": "clubs.user", "pk": 995, "fields": {"password": "pbkdf2_sha256$260000$Ommsy46wEe6rGBuxeqS4eV$BtR1sMMdwLy9xUXxaEmYxbun9w1VZ91BVc04ZY/BNYI=", "last_login": null, "is_superuser": false, "is_staff": false, "is_active": true, "date_joined": "2021-12-13T13:41:49.246Z", "username": "User4", "last_name": "Lee", "first_name": "Christian", "email": "4@example.org", "bio": "", "experience": 2, "groups": [], "user_permissions": []}}, {"model": "clubs.user", "pk": 996, "fields": {"password": "pbkdf2_sha256$260000$AsIB6hZIlJ2e7ZTiN4dIft$J2iP/Ei8+QwrrbjnYMXAKqfOmIzpkj5dgEC21758J+4=", "last_login": null, "is_superuser": false, "is_staff": false, "is_active": true, "date_joined": "2021-12-13T13:41:49.009Z", "username": "User3", "last_name": "Berry", "first_name": "Jason", "email": "3@example.org", "bio": "", "experience": 1, "groups": [], "user_permissions": []}}, {"model": "clubs.user", "pk": 997, "fields": {"password": "pbkdf2_sha256$260000$zMamMPJEDGcZdoRzlRtgo1$vEcELStQzn7ct/TaSw/q9P808DevFdV0rl7CvjD0mDc=", "last_login": null, "is_superuser": false, "is_staff": false, "is_active": true, "date_joined": "2021-12-13T13:41:48.784Z", "username": "User2", "last_name": "Bryan", "first_name": "James", "email": "2@example.org", "bio": "", "experience": 3, "groups": [], "user_permissions": []}}, {"model": "clubs.user", "pk": 998, "fields": {"password": "pbkdf2_sha256$260000$E8WcYHfp0Qq8HX3LBnGhzW$FzxFQatG6xXB6tL03HYw8zqSymwH6qiZNU4PazQrW/4=", "last_login": null, "is_superuser": false, "is_staff": false, "is_active": true, "date_joined": "2021-12-13T13:41:48.558Z", "username": "User1", "last_name": "Garner", "first_name": "George", "email": "1@example.org", "bio": "", "experience": 2, "groups": [], "user_permissions": []}}, {"model": "clubs.user", "pk": 999, "fields": {"password": "pbkdf2_sha256$260000$aW98Rib9k3WjwgPEnWMZtQ$w+TKyqovK5DqbsvdtuVrJw6Gf75MzqF5LDRP8/u9/p0=", "last_login": null, "is_superuser": false, "is_staff": false, "is_active": true, "date_joined": "2021-12-13T13:41:48.292Z", "username": "User0", "last_name": "Butler", "first_name": "Alexandra", "email": "0@example.org", "bio": "", "experience": 1, "groups": [], "user_permissions": []}}, {"model": "clubs.membership", "pk": 904, "fields": {"club": 1, "user": 904, "is_officer": false, "is_owner": false}}, {"model": "clubs.membership", "pk": 905, "fields": {"club": 1, "user": 905, "is_officer": false, "is_owner": false}}, {"model": "clubs.membership", "pk": 906, "fields": {"club": 1, "user": 906, "is_officer": false, "is_owner": false}}, {"model": "clubs.membership", "pk": 907, "fields": {"club": 1, "user": 907, "is_officer": false, "is_owner": false}}, {"model": "clubs.membership", "pk": 908, "fields": {"club": 1, "user": 908, "is_officer": false, "is_owner": false}}, {"model": "clubs.membership", "pk": 909, "fields": {"club": 1, "user": 909, "is_officer": false, "is_owner": false}}, {"model": "clubs.membership", "pk": 910, "fields": {"club": 1, "user": 910, "is_officer": false, "is_owner": false}}, {"model": "clubs.membership", "pk": 911, "fields": {"club": 1, "user": 911, "is_officer": false, "is_owner": false}}, {"model": "clubs.membership", "pk": 912, "fields": {"club": 1, "user": 912, "is_officer": false, "is_owner": false}}, {"model": "clubs.membership", "pk": 913, "fields": {"club": 1, "user": 913, "is_officer": false, "is_owner": false}}, {"model": "clubs.membership", "pk": 914, "fields": {"club": 1, "user": 914, "is_officer": false, "is_owner": false}}, {"model": "clubs.membership", "pk": 915, "fields": {"club": 1, "user": 915, "is_officer": false, "is_owner": false}}, {"model": "clubs.membership", "pk": 916, "fields": {"club": 1, "user": 916, "is_officer": false, "is_owner": false}}, {"model": "clubs.membership", "pk": 917, "fields": {"club": 1, "user": 917, "is_officer": false, "is_owner": false}}, {"model": "clubs.membership", "pk": 918, "fields": {"club": 1, "user": 918, "is_officer": false, "is_owner": false}}, {"model": "clubs.membership", "pk": 919, "fields": {"club": 1, "user": 919, "is_officer": false, "is_owner": false}}, {"model": "clubs.membership", "pk": 920, "fields": {"club": 1, "user": 920, "is_officer": false, "is_owner": false}}, {"model": "clubs.membership", "pk": 921, "fields": {"club": 1, "user": 921, "is_officer": false, "is_owner": false}}, {"model": "clubs.membership", "pk": 922, "fields": {"club": 1, "user": 922, "is_officer": false, "is_owner": false}}, {"model": "clubs.membership", "pk": 923, "fields": {"club": 1, "user": 923, "is_officer": false, "is_owner": false}}, {"model": "clubs.membership", "pk": 924, "fields": {"club": 1, "user": 924, "is_officer": false, "is_owner": false}}, {"model": "clubs.membership", "pk": 925, "fields": {"club": 1, "user": 925, "is_officer": false, "is_owner": false}}, {"model": "clubs.membership", "pk": 926, "fields": {"club": 1, "user": 926, "is_officer": false, "is_owner": false}}, {"model": "clubs.membership", "pk": 927, "fields": {"club": 1, "user": 927, "is_officer": false, "is_owner": false}}, {"model": "clubs.membership", "pk": 928, "fields": {"club": 1, "user": 928, "is_officer": false, "is_owner": false}}, {"model": "clubs.membership", "pk": 929, "fields": {"club": 1, "user": 929, "is_officer": false, "is_owner": false}}, {"model": "clubs.membership", "pk": 930, "fields": {"club": 1, "user": 930, "is_officer": false, "is_owner": false}}, {"model": "clubs.membership", "pk": 931, "fields": {"club": 1, "user": 931, "is_officer": false, "is_owner": false}}, {"model": "clubs.membership", "pk": 932, "fields": {"club": 1, "user": 932, "is_officer": false, "is_owner": false}}, {"model": "clubs.membership", "pk": 933, "fields": {"club": 1, "user": 933, "is_officer": false, "is_owner": false}}, {"model": "clubs.membership", "pk": 934, "fields": {"club": 1, "user": 934, "is_officer": false, "is_owner": false}}, {"model": "clubs.membership", "pk": 935, "fields": {"club": 1, "user": 935, "is_officer": false, "is_owner": false}}, {"model": "clubs.membership", "pk": 936, "fields": {"club": 1, "user": 936, "is_officer": false, "is_owner": false}}, {"model": "clubs.membership", "pk": 937, "fields": {"club": 1, "user": 937, "is_officer": false, "is_owner": false}}, {"model": "clubs.membership", "pk": 938, "fields": {"club": 1, "user": 938, "is_officer": false, "is_owner": false}}, {"model": "clubs.membership", "pk": 939, "fields": {"club": 1, "user": 939, "is_officer": false, "is_owner": false}}, {"model": "clubs.membership", "pk": 940, "fields": {"club": 1, "user": 940, "is_officer": false, "is_owner": false}}, {"model": "clubs.membership", "pk": 941, "fields": {"club": 1, "user": 941, "is_officer": false, "is_owner": false}}, {"model": "clubs.membership", "pk": 942, "fields": {"club": 1, "user": 942, "is_officer": false, "is_owner": false}}, {"model": "clubs.membership", "pk": 943, "fields": {"club": 1, "user": 943, "is_officer": false, "is_owner": false}}, {"model": "clubs.membership", "pk": 944, "fields": {"club": 1, "user": 944, "is_officer": false, "is_owner": false}}, {"model": "clubs.membership", "pk": 945, "fields": {"club": 1, "user": 945, "is_officer": false, "is_owner": false}}, {"model": "clubs.membership", "pk": 946, "fields": {"club": 1, "user": 946, "is_officer": false, "is_owner": false}}, {"model": "clubs.membership", "pk": 947, "fields": {"club": 1, "user": 947, "is_officer": false, "is_owner": false}}, {"model": "clubs.membership", "pk": 948, "fields": {"club": 1, "user": 948, "is_officer": false, "is_owner": false}}, {"model": "clubs.membership", "pk": 949, "fields": {"club": 1, "user": 949, "is_officer": false, "is_owner": false}}, {"model": "clubs.membership", "pk": 950, "fields": {"club": 1, "user": 950, "is_officer": false, "is_owner": false}}, {"model": "clubs.membership", "pk": 951, "fields": {"club": 1, "user": 951, "is_officer": false, "is_owner": false}}, {"model": "clubs.membership", "pk": 952, "fields": {"club": 1, "user": 952, "is_officer": false, "is_owner": false}}, {"model": "clubs.membership", "pk": 953, "fields": {"club": 1, "user": 953, "is_officer": false, "is_owner": false}}, {"model": "clubs.membership", "pk": 954, "fields": {"club": 1, "user": 954, "is_officer": false, "is_owner": false}}, {"model": "clubs.membership", "pk": 955, "fields": {"club": 1, "user": 955, "is_officer": false, "is_owner": false}}, {"model": "clubs.membership", "pk": 956, "fields": {"club": 1, "user": 956, "is_officer": false, "is_owner": false}}, {"model": "clubs.membership", "pk": 957, "fields": {"club": 1, "user": 957, "is_officer": false, "is_owner": false}}, {"model": "clubs.membership", "pk": 958, "fields": {"club": 1, "user": 958, "is_officer": false, "is_owner": false}}, {"model": "clubs.membership", "pk": 959, "fields": {"club": 1, "user": 959, "is_officer": false, "is_owner": false}}, {"model": "clubs.membership", "pk": 960, "fields": {"club": 1, "user": 960, "is_officer": false, "is_owner": false}}, {"model": "clubs.membership", "pk": 961, "fields": {"club": 1, "user": 961, "is_officer": false, "is_owner": false}}, {"model": "clubs.membership", "pk": 962, "fields": {"club": 1, "user": 962, "is_officer": false, "is_owner": false}}, {"model": "clubs.membership", "pk": 963, "fields": {"club": 1, "user": 963, "is_officer": false, "is_owner": false}}, {"model": "clubs.membership", "pk": 964, "fields": {"club": 1, "user": 964, "is_officer": false, "is_owner": false}}, {"model": "clubs.membership", "pk": 965, "fields": {"club": 1, "user": 965, "is_officer": false, "is_owner": false}}, {"model": "clubs.membership", "pk": 966, "fields": {"club": 1, "user": 966, "is_officer": false, "is_owner": false}}, {"model": "clubs.membership", "pk": 967, "fields": {"club": 1, "user": 967, "is_officer": false, "is_owner": false}}, {"model": "clubs.membership", "pk": 968, "fields": {"club": 1, "user": 968, "is_officer": false, "is_owner": false}}, {"model": "clubs.membership", "pk": 969, "fields": {"club": 1, "user": 969, "is_officer": false, "is_owner": false}}, {"model": "clubs.membership", "pk": 970, "fields": {"club": 1, "user": 970, "is_officer": false, "is_owner": false}}, {"model": "clubs.membership", "pk": 971, "fields": {"club": 1, "user": 971, "is_officer": false, "is_owner": false}}, {"model": "clubs.membership", "pk": 972, "fields": {"club": 1, "user": 972, "is_officer": false, "is_owner": false}}, {"model": "clubs.membership", "pk": 973, "fields": {"club": 1, "user": 973, "is_officer": false, "is_owner": false}}, {"model": "clubs.membership", "pk": 974, "fields": {"club": 1, "user": 974, "is_officer": false, "is_owner": false}}, {"model": "clubs.membership", "pk": 975, "fields": {"club": 1, "user": 975, "is_officer": false, "is_owner": false}}, {"model": "clubs.membership", "pk": 976, "fields": {"club": 1, "user": 976, "is_officer": false, "is_owner": false}}, {"model": "clubs.membership", "pk": 977, "fields": {"club": 1, "user": 977, "is_officer": false, "is_owner": false}}, {"model": "clubs.membership", "pk": 978, "fields": {"club": 1, "user": 978, "is_officer": false, "is_owner": false}}, {"model": "clubs.membership", "pk": 979, "fields": {"club": 1, "user": 979, "is_officer": false, "is_owner": false}}, {"model": "clubs.membership", "pk": 980, "fields": {"club": 1, "user": 980, "is_officer": false, "is_owner": false}}, {"model": "clubs.membership", "pk": 981, "fields": {"club": 1, "user": 981, "is_officer": false, "is_owner": false}}, {"model": "clubs.membership", "pk": 982, "fields": {"club": 1, "user": 982, "is_officer": false, "is_owner": false}}, {"model": "clubs.membership", "pk": 983, "fields": {"club": 1, "user": 983, "is_officer": false, "is_owner": false}}, {"model": "clubs.membership", "pk": 984, "fields": {"club": 1, "user": 984, "is_officer": false, "is_owner": false}}, {"model": "clubs.membership", "pk": 985, "fields": {"club": 1, "user": 985, "is_officer": false, "is_owner": false}}, {"model": "clubs.membership", "pk": 986, "fields": {"club": 1, "user": 986, "is_officer": false, "is_owner": false}}, {"model": "clubs.membership", "pk": 987, "fields": {"club": 1, "user": 987, "is_officer": false, "is_owner": false}}, {"model": "clubs.membership", "pk": 988, "fields": {"club": 1, "user": 988, "is_officer": false, "is_owner": false}}, {"model": "clubs.membership", "pk": 989, "fields": {"club": 1, "user": 989, "is_officer": false, "is_owner": false}}, {"model": "clubs.membership", "pk": 990, "fields": {"club": 1, "user": 990, "is_officer": false, "is_owner": false}}, {"model": "clubs.membership", "pk": 991, "fields": {"club": 1, "user": 991, "is_officer": false, "is_owner": false}}, {"model": "clubs.membership", "pk": 992, "fields": {"club": 1, "user": 992, "is_officer": false, "is_owner": false}}, {"model": "clubs.membership", "pk": 993, "fields": {"club": 1, "user": 993, "is_officer": false, "is_owner": false}}, {"model": "clubs.membership", "pk": 994, "fields": {"club": 1, "user": 994, "is_officer": false, "is_owner": false}}, {"model": "clubs.membership", "pk": 995, "fields": {"club": 1, "user": 995, "is_officer": false, "is_owner": false}}, {"model": "clubs.membership", "pk": 996, "fields": {"club": 1, "user": 996, "is_officer": false, "is_owner": false}}, {"model": "clubs.membership", "pk": 997, "fields": {"club": 1, "user": 997, "is_officer": false, "is_owner": false}}, {"model": "clubs.membership", "pk": 998, "fields": {"club": 1, "user": 998, "is_officer": false, "is_owner": false}}, {"model": "clubs.membership", "pk": 999, "fields": {"club": 1, "user": 999, "is_officer": false, "is_owner": false}}, {"model": "clubs.membertournamentrelationship", "pk": 904, "fields": {"member": 904, "tournament": 1}}, {"model": "clubs.membertournamentrelationship", "pk": 905, "fields": {"member": 905, "tournament": 1}}, {"model": "clubs.membertournamentrelationship", "pk": 906, "fields": {"member": 906, "tournament": 1}}, {"model": "clubs.membertournamentrelationship", "pk": 907, "fields": {"member": 907, "tournament": 1}}, {"model": "clubs.membertournamentrelationship", "pk": 908, "fields": {"member": 908, "tournament": 1}}, {"model": "clubs.membertournamentrelationship", "pk": 909, "fields": {"member": 909, "tournament": 1}}, {"model": "clubs.membertournamentrelationship", "pk": 910, "fields": {"member": 910, "tournament": 1}}, {"model": "clubs.membertournamentrelationship", "pk": 911, "fields": {"member": 911, "tournament": 1}}, {"model": "clubs.membertournamentrelationship", "pk": 912, "fields": {"member": 912, "tournament": 1}}, {"model": "clubs.membertournamentrelationship", "pk": 913, "fields": {"member": 913, "tournament": 1}}, {"model": "clubs.membertournamentrelationship", "pk": 914, "fields": {"member": 914, "tournament": 1}}, {"model": "clubs.membertournamentrelationship", "pk": 915, "fields": {"member": 915, "tournament": 1}}, {"model": "clubs.membertournamentrelationship", "pk": 916, "fields": {"member": 916, "tournament": 1}}, {"model": "clubs.membertournamentrelationship", "pk": 917, "fields": {"member": 917, "tournament": 1}}, {"model": "clubs.membertournamentrelationship", "pk": 918, "fields": {"member": 918, "tournament": 1}}, {"model": "clubs.membertournamentrelationship", "pk": 919, "fields": {"member": 919, "tournament": 1}}, {"model": "clubs.membertournamentrelationship", "pk": 920, "fields": {"member": 920, "tournament": 1}}, {"model": "clubs.membertournamentrelationship", "pk": 921, "fields": {"member": 921, "tournament": 1}}, {"model": "clubs.membertournamentrelationship", "pk": 922, "fields": {"member": 922, "tournament": 1}}, {"model": "clubs.membertournamentrelationship", "pk": 923, "fields": {"member": 923, "tournament": 1}}, {"model": "clubs.membertournamentrelationship", "pk": 924, "fields": {"member": 924, "tournament": 1}}, {"model": "clubs.membertournamentrelationship", "pk": 925, "fields": {"member": 925, "tournament": 1}}, {"model": "clubs.membertournamentrelationship", "pk": 926, "fields": {"member": 926, "tournament": 1}}, {"model": "clubs.membertournamentrelationship", "pk": 927, "fields": {"member": 927, "tournament": 1}}, {"model": "clubs.membertournamentrelationship", "pk": 928, "fields": {"member": 928, "tournament": 1}}, {"model": "clubs.membertournamentrelationship", "pk": 929, "fields": {"member": 929, "tournament": 1}}, {"model": "clubs.membertournamentrelationship", "pk": 930, "fields": {"member": 930, "tournament": 1}}, {"model": "clubs.membertournamentrelationship", "pk": 931, "fields": {"member": 931, "tournament": 1}}, {"model": "clubs.membertournamentrelationship", "pk": 932, "fields": {"member": 932, "tournament": 1}}, {"model": "clubs.membertournamentrelationship", "pk": 933, "fields": {"member": 933, "tournament": 1}}, {"model": "clubs.membertournamentrelationship", "pk": 934, "fields": {"member": 934, "tournament": 1}}, {"model": "clubs.membertournamentrelationship", "pk": 935, "fields": {"member": 935, "tournament": 1}}, {"model": "clubs.membertournamentrelationship", "pk": 936, "fields": {"member": 936, "tournament": 1}}, {"model": "clubs.membertournamentrelationship", "pk": 937, "fields": {"member": 937, "tournament": 1}}, {"model": "clubs.membertournamentrelationship", "pk": 938, "fields": {"member": 938, "tournament": 1}}, {"model": "clubs.membertournamentrelationship", "pk": 939, "fields": {"member": 939, "tournament": 1}}, {"model": "clubs.membertournamentrelationship", "pk": 940, "fields": {"member": 940, "tournament": 1}}, {"model": "clubs.membertournamentrelationship", "pk": 941, "fields": {"member": 941, "tournament": 1}}, {"model": "clubs.membertournamentrelationship", "pk": 942, "fields": {"member": 942, "tournament": 1}}, {"model": "clubs.membertournamentrelationship", "pk": 943, "fields": {"member": 943, "tournament": 1}}, {"model": "clubs.membertournamentrelationship", "pk": 944, "fields": {"member": 944, "tournament": 1}}, {"model": "clubs.membertournamentrelationship", "pk": 945, "fields": {"member": 945, "tournament": 1}}, {"model": "clubs.membertournamentrelationship", "pk": 946, "fields": {"member": 946, "tournament": 1}}, {"model": "clubs.membertournamentrelationship", "pk": 947, "fields": {"member": 947, "tournament": 1}}, {"model": "clubs.membertournamentrelationship", "pk": 948, "fields": {"member": 948, "tournament": 1}}, {"model": "clubs.membertournamentrelationship", "pk": 949, "fields": {"member": 949, "tournament": 1}}, {"model": "clubs.membertournamentrelationship", "pk": 950, "fields": {"member": 950, "tournament": 1}}, {"model": "clubs.membertournamentrelationship", "pk": 951, "fields": {"member": 951, "tournament": 1}}, {"model": "clubs.membertournamentrelationship", "pk": 952, "fields": {"member": 952, "tournament": 1}}, {"model": "clubs.membertournamentrelationship", "pk": 953, "fields": {"member": 953, "tournament": 1}}, {"model": "clubs.membertournamentrelationship", "pk": 954, "fields": {"member": 954, "tournament": 1}}, {"model": "clubs.membertournamentrelationship", "pk": 955, "fields": {"member": 955, "tournament": 1}}, {"model": "clubs.membertournamentrelationship", "pk": 956, "fields": {"member": 956, "tournament": 1}}, {"model": "clubs.membertournamentrelationship", "pk": 957, "fields": {"member": 957, "tournament": 1}}, {"model": "clubs.membertournamentrelationship", "pk": 958, "fields": {"member": 958, "tournament": 1}}, {"model": "clubs.membertournamentrelationship", "pk": 959, "fields": {"member": 959, "tournament": 1}}, {"model": "clubs.membertournamentrelationship", "pk": 960, "fields": {"member": 960, "tournament": 1}}, {"model": "clubs.membertournamentrelationship", "pk": 961, "fields": {"member": 961, "tournament": 1}}, {"model": "clubs.membertournamentrelationship", "pk": 962, "fields": {"member": 962, "tournament": 1}}, {"model": "clubs.membertournamentrelationship", "pk": 963, "fields": {"member": 963, "tournament": 1}}, {"model": "clubs.membertournamentrelationship", "pk": 964, "fields": {"member": 964, "tournament": 1}}, {"model": "clubs.membertournamentrelationship", "pk": 965, "fields": {"member": 965, "tournament": 1}}, {"model": "clubs.membertournamentrelationship", "pk": 966, "fields": {"member": 966, "tournament": 1}}, {"model": "clubs.membertournamentrelationship", "pk": 967, "fields": {"member": 967, "tournament": 1}}, {"model": "clubs.membertournamentrelationship", "pk": 968, "fields": {"member": 968, "tournament": 1}}, {"model": "clubs.membertournamentrelationship", "pk": 969, "fields": {"member": 969, "tournament": 1}}, {"model": "clubs.membertournamentrelationship", "pk": 970, "fields": {"member": 970, "tournament": 1}}, {"model": "clubs.membertournamentrelationship", "pk": 971, "fields": {"member": 971, "tournament": 1}}, {"model": "clubs.membertournamentrelationship", "pk": 972, "fields": {"member": 972, "tournament": 1}}, {"model": "clubs.membertournamentrelationship", "pk": 973, "fields": {"member": 973, "tournament": 1}}, {"model": "clubs.membertournamentrelationship", "pk": 974, "fields": {"member": 974, "tournament": 1}}, {"model": "clubs.membertournamentrelationship", "pk": 975, "fields": {"member": 975, "tournament": 1}}, {"model": "clubs.membertournamentrelationship", "pk": 976, "fields": {"member": 976, "tournament": 1}}, {"model": "clubs.membertournamentrelationship", "pk": 977, "fields": {"member": 977, "tournament": 1}}, {"model": "clubs.membertournamentrelationship", "pk": 978, "fields": {"member": 978, "tournament": 1}}, {"model": "clubs.membertournamentrelationship", "pk": 979, "fields": {"member": 979, "tournament": 1}}, {"model": "clubs.membertournamentrelationship", "pk": 980, "fields": {"member": 980, "tournament": 1}}, {"model": "clubs.membertournamentrelationship", "pk": 981, "fields": {"member": 981, "tournament": 1}}, {"model": "clubs.membertournamentrelationship", "pk": 982, "fields": {"member": 982, "tournament": 1}}, {"model": "clubs.membertournamentrelationship", "pk": 983, "fields": {"member": 983, "tournament": 1}}, {"model": "clubs.membertournamentrelationship", "pk": 984, "fields": {"member": 984, "tournament": 1}}, {"model": "clubs.membertournamentrelationship", "pk": 985, "fields": {"member": 985, "tournament": 1}}, {"model": "clubs.membertournamentrelationship", "pk": 986, "fields": {"member": 986, "tournament": 1}}, {"model": "clubs.membertournamentrelationship", "pk": 987, "fields": {"member": 987, "tournament": 1}}, {"model": "clubs.membertournamentrelationship", "pk": 988, "fields": {"member": 988, "tournament": 1}}, {"model": "clubs.membertournamentrelationship", "pk": 989, "fields": {"member": 989, "tournament": 1}}, {"model": "clubs.membertournamentrelationship", "pk": 990, "fields": {"member": 990, "tournament": 1}}, {"model": "clubs.membertournamentrelationship", "pk": 991, "fields": {"member": 991, "tournament": 1}}, {"model": "clubs.membertournamentrelationship", "pk": 992, "fields": {"member": 992, "tournament": 1}}, {"model": "clubs.membertournamentrelationship", "pk": 993, "fields": {"member": 993, "tournament": 1}}, {"model": "clubs.membertournamentrelationship", "pk": 994, "fields": {"member": 994, "tournament": 1}}, {"model": "clubs.membertournamentrelationship", "pk": 995, "fields": {"member": 995, "tournament": 1}}, {"model": "clubs.membertournamentrelationship", "pk": 996, "fields": {"member": 996, "tournament": 1}}, {"model": "clubs.membertournamentrelationship", "pk": 997, "fields": {"member": 997, "tournament": 1}}, {"model": "clubs.membertournamentrelationship", "pk": 998, "fields": {"member": 998, "tournament": 1}}, {"model": "clubs.membertournamentrelationship", "pk": 999, "fields": {"member": 999, "tournament": 1}}, {"model": "clubs.participant", "pk": 999, "fields": {"round_eliminated": -1, "joined": "2021-12-13T13:41:48.514Z"}}, {"model": "clubs.participant", "pk": 998, "fields": {"round_eliminated": -1, "joined": "2021-12-13T13:41:48.758Z"}}, {"model": "clubs.participant", "pk": 997, "fields": {"round_eliminated": -1, "joined": "2021-12-13T13:41:48.981Z"}}, {"model": "clubs.participant", "pk": 996, "fields": {"round_eliminated": -1, "joined": "2021-12-13T13:41:49.217Z"}}, {"model": "clubs.participant", "pk": 995, "fields": {"round_eliminated": -1, "joined": "2021-12-13T13:41:49.455Z"}}, {"model": "clubs.participant", "pk": 994, "fields": {"round_eliminated": -1, "joined": "2021-12-13T13:41:49.690Z"}}, {"model": "clubs.participant", "pk": 993, "fields": {"round_eliminated": -1, "joined": "2021-12-13T13:41:49.921Z"}}, {"model": "clubs.participant", "pk": 992, "fields": {"round_eliminated": -1, "joined": "2021-12-13T13:41:50.147Z"}}, {"model": "clubs.participant", "pk": 991, "fields": {"round_eliminated": -1, "joined": "2021-12-13T13:41:50.377Z"}}, {"model": "clubs.participant", "pk": 990, "fields": {"round_eliminated": -1, "joined": "2021-12-13T13:41:50.599Z"}}, {"model": "clubs.participant", "pk": 989, "fields": {"round_eliminated": -1, "joined": "2021-12-13T13:41:50.818Z"}}, {"model": "clubs.participant", "pk": 988, "fields": {"round_eliminated": -1, "joined": "2021-12-13T13:41:51.046Z"}}, {"model": "clubs.participant", "pk": 987, "fields": {"round_eliminated": -1, "joined": "2021-12-13T13:41:51.283Z"}}, {"model": "clubs.participant", "pk": 986, "fields": {"round_eliminated": -1, "joined": "2021-12-13T13:41:51.506Z"}}, {"model": "clubs.participant", "pk": 985, "fields": {"round_eliminated": -1, "joined": "2021-12-13T13:41:51.729Z"}}, {"model": "clubs.participant", "pk": 984, "fields": {"round_eliminated": -1, "joined": "2021-12-13T13:41:51.955Z"}}, {"model": "clubs.participant", "pk": 983, "fields": {"round_eliminated": -1, "joined": "2021-12-13T13:41:52.176Z"}}, {"model": "clubs.participant", "pk": 982, "fields": {"round_eliminated": -1, "joined": "2021-12-13T13:41:52.400Z"}}, {"model": "clubs.participant", "pk": 981, "fields": {"round_eliminated": -1, "joined": "2021-12-13T13:41:52.622Z"}}, {"model": "clubs.participant", "pk": 980, "fields": {"round_eliminated": -1, "joined": "2021-12-13T13:41:52.841Z"}}, {"model": "clubs.participant", "pk": 979, "fields": {"round_eliminated": -1, "joined": "2021-12-13T13:41:53.062Z"}}, {"model": "clubs.participant", "pk": 978, "fields": {"round_eliminated": -1, "joined": "2021-12-13T13:41:53.300Z"}}, {"model": "clubs.participant", "pk": 977, "fields": {"round_eliminated": -1, "joined": "2021-12-13T13:41:53.522Z"}}, {"model": "clubs.participant", "pk": 976, "fields": {"round_eliminated": -1, "joined": "2021-12-13T13:41:53.747Z"}}, {"model": "clubs.participant", "pk": 975, "fields": {"round_eliminated": -1, "joined": "2021-12-13T13:41:53.971Z"}}, {"model": "clubs.participant", "pk": 974, "fields": {"round_eliminated": -1, "joined": "2021-12-13T13:41:54.193Z"}}, {"model": "clubs.participant", "pk": 973, "fields": {"round_eliminated": -1, "joined": "2021-12-13T13:41:54.413Z"}}, {"model": "clubs.participant", "pk": 972, "fields": {"round_eliminated": -1, "joined": "2021-12-13T13:41:54.635Z"}}, {"model": "clubs.participant", "pk": 971, "fields": {"round_eliminated": -1, "joined": "2021-12-13T13:41:54.856Z"}}, {"model": "clubs.participant", "pk": 970, "fields": {"round_eliminated": -1, "joined": "2021-12-13T13:41:55.076Z"}}, {"model": "clubs.participant", "pk": 969, "fields": {"round_eliminated": -1, "joined": "2021-12-13T13:41:55.316Z"}}, {"model": "clubs.participant", "pk": 968, "fields": {"round_eliminated": -1, "joined": "2021-12-13T13:41:55.538Z"}}, {"model": "clubs.participant", "pk": 967, "fields": {"round_eliminated": -1, "joined": "2021-12-13T13:41:55.785Z"}}, {"model": "clubs.participant", "pk": 966, "fields": {"round_eliminated": -1, "joined": "2021-12-13T13:41:56.002Z"}}, {"model": "clubs.participant", "pk": 965, "fields": {"round_eliminated": -1, "joined": "2021-12-13T13:41:56.220Z"}}, {"model": "clubs.participant", "pk": 964, "fields": {"round_eliminated": -1, "joined": "2021-12-13T13:41:56.445Z"}}, {"model": "clubs.participant", "pk": 963, "fields": {"round_eliminated": -1, "joined": "2021-12-13T13:41:56.667Z"}}, {"model": "clubs.participant", "pk": 962, "fields": {"round_eliminated": -1, "joined": "2021-12-13T13:41:56.892Z"}}, {"model": "clubs.participant", "pk": 961, "fields": {"round_eliminated": -1, "joined": "2021-12-13T13:41:57.114Z"}}, {"model": "clubs.participant", "pk": 960, "fields": {"round_eliminated": -1, "joined": "2021-12-13T13:41:57.341Z"}}, {"model": "clubs.participant", "pk": 959, "fields": {"round_eliminated": -1, "joined": "2021-12-13T13:41:57.568Z"}}, {"model": "clubs.participant", "pk": 958, "fields": {"round_eliminated": -1, "joined": "2021-12-13T13:41:57.796Z"}}, {"model": "clubs.participant", "pk": 957, "fields": {"round_eliminated": -1, "joined": "2021-12-13T13:41:58.023Z"}}, {"model": "clubs.participant", "pk": 956, "fields": {"round_eliminated": -1, "joined": "2021-12-13T13:41:58.245Z"}}, {"model": "clubs.participant", "pk": 955, "fields": {"round_eliminated": -1, "joined": "2021-12-13T13:41:58.466Z"}}, {"model": "clubs.participant", "pk": 954, "fields": {"round_eliminated": -1, "joined": "2021-12-13T13:41:58.685Z"}}, {"model": "clubs.participant", "pk": 953, "fields": {"round_eliminated": -1, "joined": "2021-12-13T13:41:58.903Z"}}, {"model": "clubs.participant", "pk": 952, "fields": {"round_eliminated": -1, "joined": "2021-12-13T13:41:59.126Z"}}, {"model": "clubs.participant", "pk": 951, "fields": {"round_eliminated": -1, "joined": "2021-12-13T13:41:59.361Z"}}, {"model": "clubs.participant", "pk": 950, "fields": {"round_eliminated": -1, "joined": "2021-12-13T13:41:59.583Z"}}, {"model": "clubs.participant", "pk": 949, "fields": {"round_eliminated": -1, "joined": "2021-12-13T13:41:59.806Z"}}, {"model": "clubs.participant", "pk": 948, "fields": {"round_eliminated": -1, "joined": "2021-12-13T13:42:00.034Z"}}, {"model": "clubs.participant", "pk": 947, "fields": {"round_eliminated": -1, "joined": "2021-12-13T13:42:00.260Z"}}, {"model": "clubs.participant", "pk": 946, "fields": {"round_eliminated": -1, "joined": "2021-12-13T13:42:00.489Z"}}, {"model": "clubs.participant", "pk": 945, "fields": {"round_eliminated": -1, "joined": "2021-12-13T13:42:00.721Z"}}, {"model": "clubs.participant", "pk": 944, "fields": {"round_eliminated": -1, "joined": "2021-12-13T13:42:00.947Z"}}, {"model": "clubs.participant", "pk": 943, "fields": {"round_eliminated": -1, "joined": "2021-12-13T13:42:01.201Z"}}, {"model": "clubs.participant", "pk": 942, "fields": {"round_eliminated": -1, "joined": "2021-12-13T13:42:01.464Z"}}, {"model": "clubs.participant", "pk": 941, "fields": {"round_eliminated": -1, "joined": "2021-12-13T13:42:01.696Z"}}, {"model": "clubs.participant", "pk": 940, "fields": {"round_eliminated": -1, "joined": "2021-12-13T13:42:01.920Z"}}, {"model": "clubs.participant", "pk": 939, "fields": {"round_eliminated": -1, "joined": "2021-12-13T13:42:02.146Z"}}, {"model": "clubs.participant", "pk": 938, "fields": {"round_eliminated": -1, "joined": "2021-12-13T13:42:02.377Z"}}, {"model": "clubs.participant", "pk": 937, "fields": {"round_eliminated": -1, "joined": "2021-12-13T13:42:02.601Z"}}, {"model": "clubs.participant", "pk": 936, "fields": {"round_eliminated": -1, "joined": "2021-12-13T13:42:02.834Z"}}, {"model": "clubs.participant", "pk": 935, "fields": {"round_eliminated": -1, "joined": "2021-12-13T13:42:03.064Z"}}, {"model": "clubs.participant", "pk": 934, "fields": {"round_eliminated": -1, "joined": "2021-12-13T13:42:03.289Z"}}, {"model": "clubs.participant", "pk": 933, "fields": {"round_eliminated": -1, "joined": "2021-12-13T13:42:03.531Z"}}, {"model": "clubs.participant", "pk": 932, "fields": {"round_eliminated": -1, "joined": "2021-12-13T13:42:03.765Z"}}, {"model": "clubs.participant", "pk": 931, "fields": {"round_eliminated": -1, "joined": "2021-12-13T13:42:04.000Z"}}, {"model": "clubs.participant", "pk": 930, "fields": {"round_eliminated": -1, "joined": "2021-12-13T13:42:04.231Z"}}, {"model": "clubs.participant", "pk": 929, "fields": {"round_eliminated": -1, "joined": "2021-12-13T13:42:04.461Z"}}, {"model": "clubs.participant", "pk": 928, "fields": {"round_eliminated": -1, "joined": "2021-12-13T13:42:04.708Z"}}, {"model": "clubs.participant", "pk": 927, "fields": {"round_eliminated": -1, "joined": "2021-12-13T13:42:04.969Z"}}, {"model": "clubs.participant", "pk": 926, "fields": {"round_eliminated": -1, "joined": "2021-12-13T13:42:05.195Z"}}, {"model": "clubs.participant", "pk": 925, "fields": {"round_eliminated": -1, "joined": "2021-12-13T13:42:05.420Z"}}, {"model": "clubs.participant", "pk": 924, "fields": {"round_eliminated": -1, "joined": "2021-12-13T13:42:05.663Z"}}, {"model": "clubs.participant", "pk": 923, "fields": {"round_eliminated": -1, "joined": "2021-12-13T13:42:05.887Z"}}, {"model": "clubs.participant", "pk": 922, "fields": {"round_eliminated": -1, "joined": "2021-12-13T13:42:06.117Z"}}, {"model": "clubs.participant", "pk": 921, "fields": {"round_eliminated": -1, "joined": "2021-12-13T13:42:06.339Z"}}, {"model": "clubs.participant", "pk": 920, "fields": {"round_eliminated": -1, "joined": "2021-12-13T13:42:06.569Z"}}, {"model": "clubs.participant", "pk": 919, "fields": {"round_eliminated": -1, "joined": "2021-12-13T13:42:06.803Z"}}, {"model": "clubs.participant", "pk": 918, "fields": {"round_eliminated": -1, "joined": "2021-12-13T13:42:07.029Z"}}, {"model": "clubs.participant", "pk": 917, "fields": {"round_eliminated": -1, "joined": "2021-12-13T13:42:07.258Z"}}, {"model": "clubs.participant", "pk": 916, "fields": {"round_eliminated": -1, "joined": "2021-12-13T13:42:07.485Z"}}, {"model": "clubs.participant", "pk": 915, "fields": {"round_eliminated": -1, "joined": "2021-12-13T13:42:07.712Z"}}, {"model": "clubs.participant", "pk": 914, "fields": {"round_eliminated": -1, "joined": "2021-12-13T13:42:07.972Z"}}, {"model": "clubs.participant", "pk": 913, "fields": {"round_eliminated": -1, "joined": "2021-12-13T13:42:08.200Z"}}, {"model": "clubs.participant", "pk": 912, "fields": {"round_eliminated": -1, "joined": "2021-12-13T13:42:08.431Z"}}, {"model": "clubs.participant", "pk": 911, "fields": {"round_eliminated": -1, "joined": "2021-12-13T13:42:08.658Z"}}, {"model": "clubs.participant", "pk": 910, "fields": {"round_eliminated": -1, "joined": "2021-12-13T13:42:08.888Z"}}, {"model": "clubs.participant", "pk": 909, "fields": {"round_eliminated": -1, "joined": "2021-12-13T13:42:09.114Z"}}, {"model": "clubs.participant", "pk": 908, "fields": {"round_eliminated": -1, "joined": "2021-12-13T13:42:09.345Z"}}, {"model": "clubs.participant", "pk": 907, "fields": {"round_eliminated": -1, "joined": "2021-12-13T13:42:09.573Z"}}, {"model": "clubs.participant", "pk": 906, "fields": {"round_eliminated": -1, "joined": "2021-12-13T13:42:09.801Z"}}, {"model": "clubs.participant", "pk": 905, "fields": {"round_eliminated": -1, "joined": "2021-12-13T13:42:10.027Z"}}, {"model": "clubs.participant", "pk": 904, "fields": {"round_eliminated": -1, "joined": "2021-12-13T13:42:10.256Z"}}]