[{"model": "clubs.user", "pk": 1, "fields": {"password": "pbkdf2_sha256$260000$T2r3kmiewO4JcRfSzYjfvl$dHk01HE6uKonyxH/6UQOFpCHIWUMHEWnrRpJSZxwJ+k=", "last_login": null, "is_superuser": false, "is_staff": false, "is_active": true, "date_joined": "2021-12-11T16:44:06.926Z", "username": "User0", "last_name": "Palmer", "first_name": "Brenda", "email": "0@example.org", "bio": "", "experience": 1, "groups": [], "user_permissions": []}}, {"model": "clubs.user", "pk": 2, "fields": {"password": "pbkdf2_sha256$260000$Svlcya0jBkiCQENSuJgoMm$A7CaoNh0krRMxNYjSwvBF6pQ5ekEpVpVF4Dnkfg1/XI=", "last_login": null, "is_superuser": false, "is_staff": false, "is_active": true, "date_joined": "2021-12-11T16:44:07.065Z", "username": "User1", "last_name": "Smith", "first_name": "Denise", "email": "1@example.org", "bio": "", "experience": 2, "groups": [], "user_permissions": []}}, {"model": "clubs.user", "pk": 3, "fields": {"password": "pbkdf2_sha256$260000$kjc41VyS0Jy96fFoPWfwe7$5/zntm3Naz59KwGn684ZFNK3JxWrra//S15FpDkSfI0=", "last_login": null, "is_superuser": false, "is_staff": false, "is_active": true, "date_joined": "2021-12-11T16:44:07.197Z", "username": "User2", "last_name": "Hill", "first_name": "Francis", "email": "2@example.org", "bio": "", "experience": 3, "groups": [], "user_permissions": []}}, {"model": "clubs.user", "pk": 4, "fields": {"password": "pbkdf2_sha256$260000$Zb3W49X8g1O2h8kDcwyisc$Ao7fFeRAz4tD7tF9QDQwh+B0GpzKoLkMGc4K8oVuFNY=", "last_login": null, "is_superuser": false, "is_staff": false, "is_active": true, "date_joined": "2021-12-11T16:44:07.326Z", "username": "User3", "last_name": "Francis", "first_name": "Lauren", "email": "3@example.org", "bio": "", "experience": 1, "groups": [], "user_permissions": []}}, {"model": "clubs.user", "pk": 5, "fields": {"password": "pbkdf2_sha256$260000$rEfix8rIB8x5HgTv6c0HEH$IFE/A7TXc1m+5qCUrDmd+jxner+TLyFSPgU4Qtd0ToU=", "last_login": null, "is_superuser": false, "is_staff": false, "is_active": true, "date_joined": "2021-12-11T16:44:07.459Z", "username": "User4", "last_name": "Taylor", "first_name": "Leonard", "email": "4@example.org", "bio": "", "experience": 2, "groups": [], "user_permissions": []}}, {"model": "clubs.user", "pk": 6, "fields": {"password": "pbkdf2_sha256$260000$zA0HRQJeYxh9EW8FIA7bQc$J+ztDb7mgO4xuGkadvMfIuKn9CMQkqg+DrTJL8y3128=", "last_login": null, "is_superuser": false, "is_staff": false, "is_active": true, "date_joined": "2021-12-11T16:44:07.590Z", "username": "User5", "last_name": "Lambert", "first_name": "Trevor", "email": "5@example.org", "bio": "", "experience": 3, "groups": [], "user_permissions": []}}, {"model": "clubs.user", "pk": 7, "fields": {"password": "pbkdf2_sha256$260000$jqgKOgSKtv59sUP73qtL7J$FGeRGX16iIUvWI6iwkdR8PfGQSzyjwkapACvYhdB3YU=", "last_login": null, "is_superuser": false, "is_staff": false, "is_active": true, "date_joined": "2021-12-11T16:44:07.725Z", "username": "User6", "last_name": "Williams", "first_name": "Emily", "email": "6@example.org", "bio": "", "experience": 1, "groups": [], "user_permissions": []}}, {"model": "clubs.user", "pk": 8, "fields": {"password": "pbkdf2_sha256$260000$kDQVGpgT1Yb3D75wb5kCUg$Ro3/p86N1NivOAoqifUjV/nyCwmFGLl7Lv1NXHkMRes=", "last_login": null, "is_superuser": false, "is_staff": false, "is_active": true, "date_joined": "2021-12-11T16:44:07.859Z", "username": "User7", "last_name": "Thompson", "first_name": "Gail", "email": "7@example.org", "bio": "", "experience": 2, "groups": [], "user_permissions": []}}, {"model": "clubs.user", "pk": 9, "fields": {"password": "pbkdf2_sha256$260000$IHqW6DwaFuw6hs7zNsArqB$2JQMaTGlNFLfjaTJBGQFWgg5sLGii2q6I3+2ELyBEEU=", "last_login": null, "is_superuser": false, "is_staff": false, "is_active": true, "date_joined": "2021-12-11T16:44:07.989Z", "username": "User8", "last_name": "Smith", "first_name": "Barry", "email": "8@example.org", "bio": "", "experience": 3, "groups": [], "user_permissions": []}}, {"model": "clubs.user", "pk": 10, "fields": {"password": "pbkdf2_sha256$260000$i64uykjSy4JxV6T6mmejAJ$7DTDbM6J3hCCVDqqVq2mF9vNmIoZlREZWMO3dllXyHM=", "last_login": null, "is_superuser": false, "is_staff": false, "is_active": true, "date_joined": "2021-12-11T16:44:08.123Z", "username": "User9", "last_name": "Taylor", "first_name": "Sylvia", "email": "9@example.org", "bio": "", "experience": 1, "groups": [], "user_permissions": []}}, {"model": "clubs.user", "pk": 11, "fields": {"password": "pbkdf2_sha256$260000$3QO9RYYVtomUqVAEUb6rBT$9QYodfx2F12VtOtdZA9gqoOU0g2lE2SACxVnA4lCEQs=", "last_login": null, "is_superuser": false, "is_staff": false, "is_active": true, "date_joined": "2021-12-11T16:44:08.255Z", "username": "User10", "last_name": "Marsden", "first_name": "Trevor", "email": "10@example.org", "bio": "", "experience": 2, "groups": [], "user_permissions": []}}, {"model": "clubs.user", "pk": 12, "fields": {"password": "pbkdf2_sha256$260000$UWfDxu7THzSpQBxw5UyMqg$3HrxgbHIbxFDBu9WaUXoU/s8Q3EH+WMdz59FXNhzSGw=", "last_login": null, "is_superuser": false, "is_staff": false, "is_active": true, "date_joined": "2021-12-11T16:44:08.386Z", "username": "User11", "last_name": "Carey", "first_name": "Stuart", "email": "11@example.org", "bio": "", "experience": 3, "groups": [], "user_permissions": []}}, {"model": "clubs.user", "pk": 13, "fields": {"password": "pbkdf2_sha256$260000$sSGuh0Q6moX9Z9d4caXB9g$v5feGX0KVbXqGl7045QeSSz594F23lWU4c42i+37bz4=", "last_login": null, "is_superuser": false, "is_staff": false, "is_active": true, "date_joined": "2021-12-11T16:44:08.519Z", "username": "User12", "last_name": "Martin", "first_name": "Charlie", "email": "12@example.org", "bio": "", "experience": 1, "groups": [], "user_permissions": []}}, {"model": "clubs.user", "pk": 14, "fields": {"password": "pbkdf2_sha256$260000$vl4xf6bbIcS8QoDH4yw24X$f3mvPp66jy2OU84m2rd0grALMr61rYodLVRjlKvD1Es=", "last_login": null, "is_superuser": false, "is_staff": false, "is_active": true, "date_joined": "2021-12-11T16:44:08.655Z", "username": "User13", "last_name": "Davison", "first_name": "Jeffrey", "email": "13@example.org", "bio": "", "experience": 2, "groups": [], "user_permissions": []}}, {"model": "clubs.user", "pk": 15, "fields": {"password": "pbkdf2_sha256$260000$947jbsX4soSE3xfX4Mi9Kb$Mc3JwCoEVMo9P+xpJ9D7gyFfAuAaRB9uRiGe9e0uOH8=", "last_login": null, "is_superuser": false, "is_staff": false, "is_active": true, "date_joined": "2021-12-11T16:44:08.785Z", "username": "User14", "last_name": "Hale", "first_name": "Hilary", "email": "14@example.org", "bio": "", "experience": 3, "groups": [], "user_permissions": []}}, {"model": "clubs.user", "pk": 16, "fields": {"password": "pbkdf2_sha256$260000$R90MCUtI8G4W4zNSInI8g5$vAZbJ8hQIOmsIswjVI9Z67FS/W3W7hQ/9CZbH/pJVDw=", "last_login": null, "is_superuser": false, "is_staff": false, "is_active": true, "date_joined": "2021-12-11T16:44:08.916Z", "username": "User15", "last_name": "Fleming", "first_name": "Valerie", "email": "15@example.org", "bio": "", "experience": 1, "groups": [], "user_permissions": []}}, {"model": "clubs.user", "pk": 17, "fields": {"password": "pbkdf2_sha256$260000$FU6rFmt1LFkjk7duJcKRWj$0OfJ2bIuq9RN/8IgZBrZ8yO9ljocTQLB2vc/JpF3yys=", "last_login": null, "is_superuser": false, "is_staff": false, "is_active": true, "date_joined": "2021-12-11T16:44:09.049Z", "username": "User16", "last_name": "Allen", "first_name": "Nicole", "email": "16@example.org", "bio": "", "experience": 2, "groups": [], "user_permissions": []}}, {"model": "clubs.user", "pk": 18, "fields": {"password": "pbkdf2_sha256$260000$DfBWLJpCbbfJ9vYTBIpgV7$jf2SGxXBIB6rZ/5xXQDGR9R3rGH5PzQVYf8pnwqS/Bg=", "last_login": null, "is_superuser": false, "is_staff": false, "is_active": true, "date_joined": "2021-12-11T16:44:09.192Z", "username": "User17", "last_name": "Robinson", "first_name": "Patrick", "email": "17@example.org", "bio": "", "experience": 3, "groups": [], "user_permissions": []}}, {"model": "clubs.user", "pk": 19, "fields": {"password": "pbkdf2_sha256$260000$19AljHK5tlwYch5tObHQwT$IScZmYlQHlHHJmIhdtcnf0d3jCsEdno3ITFScY7Ahwc=", "last_login": null, "is_superuser": false, "is_staff": false, "is_active": true, "date_joined": "2021-12-11T16:44:09.325Z", "username": "User18", "last_name": "Johnson", "first_name": "Denise", "email": "18@example.org", "bio": "", "experience": 1, "groups": [], "user_permissions": []}}, {"model": "clubs.user", "pk": 20, "fields": {"password": "pbkdf2_sha256$260000$NJRvlGvTvrMk6tOew5qkDz$R+U5DQ/E646CrYUEGEheZp8qS/4teh1m4Bs8RZOJG+A=", "last_login": null, "is_superuser": false, "is_staff": false, "is_active": true, "date_joined": "2021-12-11T16:44:09.456Z", "username": "User19", "last_name": "McKenzie", "first_name": "Leanne", "email": "19@example.org", "bio": "", "experience": 2, "groups": [], "user_permissions": []}}, {"model": "clubs.user", "pk": 21, "fields": {"password": "pbkdf2_sha256$260000$fsbWkF2oEJJmCswSQhMaDl$82sZVgTLhfxNp1VI6OTyP3QOTqZo8LIcx9agpvhI64k=", "last_login": null, "is_superuser": false, "is_staff": false, "is_active": true, "date_joined": "2021-12-11T16:44:09.588Z", "username": "User20", "last_name": "Booth", "first_name": "Alison", "email": "20@example.org", "bio": "", "experience": 3, "groups": [], "user_permissions": []}}, {"model": "clubs.user", "pk": 22, "fields": {"password": "pbkdf2_sha256$260000$ib3eb3djRaLksVviNPRLtX$uHbEElbRuDh3+1A4zNqH20/84GOsnHQrYR9GSEqt6kU=", "last_login": null, "is_superuser": false, "is_staff": false, "is_active": true, "date_joined": "2021-12-11T16:44:09.722Z", "username": "User21", "last_name": "Turner", "first_name": "Alan", "email": "21@example.org", "bio": "", "experience": 1, "groups": [], "user_permissions": []}}, {"model": "clubs.user", "pk": 23, "fields": {"password": "pbkdf2_sha256$260000$9lnTjx4CHBw0WAeTCpGBQ5$n9Djvt5aQEYseX+BW12/lh96KWvud9IDVn9uOpA/waY=", "last_login": null, "is_superuser": false, "is_staff": false, "is_active": true, "date_joined": "2021-12-11T16:44:09.853Z", "username": "User22", "last_name": "Owen", "first_name": "Amber", "email": "22@example.org", "bio": "", "experience": 2, "groups": [], "user_permissions": []}}, {"model": "clubs.user", "pk": 24, "fields": {"password": "pbkdf2_sha256$260000$PsIgMWmux5RhzQL8WnTdSb$cl2NXmy/d7vmZXvPy2rORrYrI1eS2tjtX1pjXjSd8ZY=", "last_login": null, "is_superuser": false, "is_staff": false, "is_active": true, "date_joined": "2021-12-11T16:44:09.986Z", "username": "User23", "last_name": "Smith", "first_name": "Antony", "email": "23@example.org", "bio": "", "experience": 3, "groups": [], "user_permissions": []}}, {"model": "clubs.user", "pk": 25, "fields": {"password": "pbkdf2_sha256$260000$FXLv7JGcu5A4hk0ZPqrqW1$y7S/G7cLqz6ZzzCTJh7wEoBYKQhR5GDW7rbNfT8WY7M=", "last_login": null, "is_superuser": false, "is_staff": false, "is_active": true, "date_joined": "2021-12-11T16:44:10.118Z", "username": "User24", "last_name": "Davies", "first_name": "Billy", "email": "24@example.org", "bio": "", "experience": 1, "groups": [], "user_permissions": []}}, {"model": "clubs.user", "pk": 26, "fields": {"password": "pbkdf2_sha256$260000$sSOYjdjZQcPfasbXpPZerj$8oUgm8ZcK00wdBQY6jfsdtpYeSOWAyFpcQ3+0PftgH0=", "last_login": null, "is_superuser": false, "is_staff": false, "is_active": true, "date_joined": "2021-12-11T16:44:10.250Z", "username": "User25", "last_name": "Wallis", "first_name": "Amelia", "email": "25@example.org", "bio": "", "experience": 2, "groups": [], "user_permissions": []}}, {"model": "clubs.user", "pk": 27, "fields": {"password": "pbkdf2_sha256$260000$Lj3MaB8fdPOaxdlE7PzZCe$Mb9EU/YyYCzNeSSQOwxqvcpMeNES5+3uzFwF8NkHzu0=", "last_login": null, "is_superuser": false, "is_staff": false, "is_active": true, "date_joined": "2021-12-11T16:44:10.381Z", "username": "User26", "last_name": "Palmer", "first_name": "Jeffrey", "email": "26@example.org", "bio": "", "experience": 3, "groups": [], "user_permissions": []}}, {"model": "clubs.user", "pk": 28, "fields": {"password": "pbkdf2_sha256$260000$s3kBiAcvJZX9eXJ2drrAua$7+YYJTjSWRajVQzWWg3y08FtyIOvEgeogDtrmzNK4Uw=", "last_login": null, "is_superuser": false, "is_staff": false, "is_active": true, "date_joined": "2021-12-11T16:44:10.513Z", "username": "User27", "last_name": "Powell", "first_name": "Bethan", "email": "27@example.org", "bio": "", "experience": 1, "groups": [], "user_permissions": []}}, {"model": "clubs.user", "pk": 29, "fields": {"password": "pbkdf2_sha256$260000$pRuHw8NxXIyrFZ4icZ4fXW$zDH0WMadR0xLWvcw9j9p3RlT5K+OC7yFXMLDpHfKOrE=", "last_login": null, "is_superuser": false, "is_staff": false, "is_active": true, "date_joined": "2021-12-11T16:44:10.644Z", "username": "User28", "last_name": "Walker", "first_name": "Shaun", "email": "28@example.org", "bio": "", "experience": 2, "groups": [], "user_permissions": []}}, {"model": "clubs.user", "pk": 30, "fields": {"password": "pbkdf2_sha256$260000$DurfxrndVMhHUY8X3aBv90$clT0bnz4pWdTaz2nJwawGVzFLwevOEkR4gNWUI3VHmU=", "last_login": null, "is_superuser": false, "is_staff": false, "is_active": true, "date_joined": "2021-12-11T16:44:10.774Z", "username": "User29", "last_name": "Gregory", "first_name": "Kayleigh", "email": "29@example.org", "bio": "", "experience": 3, "groups": [], "user_permissions": []}}, {"model": "clubs.user", "pk": 31, "fields": {"password": "pbkdf2_sha256$260000$eJOFhKviDUt8v5FoeR3Ern$k2ltzaI2LyQqYAUacfidPuSJ4cKfwKUJ4Df99RrRs1w=", "last_login": null, "is_superuser": false, "is_staff": false, "is_active": true, "date_joined": "2021-12-11T16:44:10.903Z", "username": "User30", "last_name": "Porter", "first_name": "Pauline", "email": "30@example.org", "bio": "", "experience": 1, "groups": [], "user_permissions": []}}, {"model": "clubs.user", "pk": 32, "fields": {"password": "pbkdf2_sha256$260000$FIIojAo3mAbmXofRFiQkKD$Tct908qCWaoidhFmwQqjI3+td1rPyHd4RwoeVuLHS+U=", "last_login": null, "is_superuser": false, "is_staff": false, "is_active": true, "date_joined": "2021-12-11T16:44:11.034Z", "username": "User31", "last_name": "Grant", "first_name": "Natalie", "email": "31@example.org", "bio": "", "experience": 2, "groups": [], "user_permissions": []}}, {"model": "clubs.user", "pk": 33, "fields": {"password": "pbkdf2_sha256$260000$vf0uPMtiDUxD1rjh9o3Gp2$E37k4r2IzNMJd/nKiPnMfxm8B8AmoTZRPqWIxgqr74Y=", "last_login": null, "is_superuser": false, "is_staff": false, "is_active": true, "date_joined": "2021-12-11T16:44:11.168Z", "username": "User32", "last_name": "Murphy", "first_name": "Tony", "email": "32@example.org", "bio": "", "experience": 3, "groups": [], "user_permissions": []}}, {"model": "clubs.user", "pk": 34, "fields": {"password": "pbkdf2_sha256$260000$5KHHrNpaQ5kmu2m752Lc4t$FUlFm+nqR8MzpsGs/3wMaRB2ZPJNT9/Bz8HMNq5M4Mw=", "last_login": null, "is_superuser": false, "is_staff": false, "is_active": true, "date_joined": "2021-12-11T16:44:11.298Z", "username": "User33", "last_name": "Morgan", "first_name": "Margaret", "email": "33@example.org", "bio": "", "experience": 1, "groups": [], "user_permissions": []}}, {"model": "clubs.user", "pk": 35, "fields": {"password": "pbkdf2_sha256$260000$o8pc0mgyMkP6exrY0oYwLo$t0hOpACN9JW65fYxj+KGXfR8h+O6i5J5fHRMGpScx6Y=", "last_login": null, "is_superuser": false, "is_staff": false, "is_active": true, "date_joined": "2021-12-11T16:44:11.430Z", "username": "User34", "last_name": "Morris", "first_name": "Helen", "email": "34@example.org", "bio": "", "experience": 2, "groups": [], "user_permissions": []}}, {"model": "clubs.user", "pk": 36, "fields": {"password": "pbkdf2_sha256$260000$5U3RlIRb4gWf8KPqUtllql$D62bGIaj0lGOCBWDENv5ocQZRoyPVTJOkGCZL6GAX8o=", "last_login": null, "is_superuser": false, "is_staff": false, "is_active": true, "date_joined": "2021-12-11T16:44:11.561Z", "username": "User35", "last_name": "Sheppard", "first_name": "Amy", "email": "35@example.org", "bio": "", "experience": 3, "groups": [], "user_permissions": []}}, {"model": "clubs.user", "pk": 37, "fields": {"password": "pbkdf2_sha256$260000$j1w3XQOOyiP3LgA8FnKkko$7Kb7ij2U/iiLUFRcDQgvakecGMxcTuoTNhs4hAjy4to=", "last_login": null, "is_superuser": false, "is_staff": false, "is_active": true, "date_joined": "2021-12-11T16:44:11.692Z", "username": "User36", "last_name": "Owens", "first_name": "Leigh", "email": "36@example.org", "bio": "", "experience": 1, "groups": [], "user_permissions": []}}, {"model": "clubs.user", "pk": 38, "fields": {"password": "pbkdf2_sha256$260000$eS6pfKfvxIq1yTxbGnPwAj$dsqp1/U4jew7b2icSCtZfnw6FWh3OEbU3e24lwsG3OI=", "last_login": null, "is_superuser": false, "is_staff": false, "is_active": true, "date_joined": "2021-12-11T16:44:11.824Z", "username": "User37", "last_name": "Austin", "first_name": "Sophie", "email": "37@example.org", "bio": "", "experience": 2, "groups": [], "user_permissions": []}}, {"model": "clubs.user", "pk": 39, "fields": {"password": "pbkdf2_sha256$260000$CAEDDj49gfwLfWSFYlvjog$5yMplHjOB5XQ0drt8zPaGtG5DyUBmvGm97O2EzsQluc=", "last_login": null, "is_superuser": false, "is_staff": false, "is_active": true, "date_joined": "2021-12-11T16:44:11.955Z", "username": "User38", "last_name": "Taylor", "first_name": "Abdul", "email": "38@example.org", "bio": "", "experience": 3, "groups": [], "user_permissions": []}}, {"model": "clubs.user", "pk": 40, "fields": {"password": "pbkdf2_sha256$260000$2omPUZDsadqiG32v2AjHwp$J58e27jPFhxPglFm0QATrjUXLOlTn4wuXxLj+ulxcpE=", "last_login": null, "is_superuser": false, "is_staff": false, "is_active": true, "date_joined": "2021-12-11T16:44:12.087Z", "username": "User39", "last_name": "Johnson", "first_name": "Andrew", "email": "39@example.org", "bio": "", "experience": 1, "groups": [], "user_permissions": []}}, {"model": "clubs.user", "pk": 41, "fields": {"password": "pbkdf2_sha256$260000$ptoRpeTnpHZn4cVgP4rufa$ATnzqtudfeEhNlsTKV3R02vwQHWnSY8+XYPwnNTquCY=", "last_login": null, "is_superuser": false, "is_staff": false, "is_active": true, "date_joined": "2021-12-11T16:44:12.217Z", "username": "User40", "last_name": "Gill", "first_name": "Sally", "email": "40@example.org", "bio": "", "experience": 2, "groups": [], "user_permissions": []}}, {"model": "clubs.user", "pk": 42, "fields": {"password": "pbkdf2_sha256$260000$RqFZ9sZFPjAQ44YqrqJtte$QuGUsh5AHBMMuU8M/U/qGOzQ0VqyICjhvZMaRjs7Fpo=", "last_login": null, "is_superuser": false, "is_staff": false, "is_active": true, "date_joined": "2021-12-11T16:44:12.348Z", "username": "User41", "last_name": "Holden", "first_name": "Justin", "email": "41@example.org", "bio": "", "experience": 3, "groups": [], "user_permissions": []}}, {"model": "clubs.user", "pk": 43, "fields": {"password": "pbkdf2_sha256$260000$CEGWnBl18bqd7xEnydnJHg$25JcdITTcSpMklf7zoXgu+lBJA5mncTIOboJdx6G5z8=", "last_login": null, "is_superuser": false, "is_staff": false, "is_active": true, "date_joined": "2021-12-11T16:44:12.479Z", "username": "User42", "last_name": "White", "first_name": "Jay", "email": "42@example.org", "bio": "", "experience": 1, "groups": [], "user_permissions": []}}, {"model": "clubs.user", "pk": 44, "fields": {"password": "pbkdf2_sha256$260000$GI6XPWKE1Mj3xHrYjcB2jI$Zu+a4QlEEMZbJerCEwDe7PuSfNzt4u6JxFVhk+V9FN8=", "last_login": null, "is_superuser": false, "is_staff": false, "is_active": true, "date_joined": "2021-12-11T16:44:12.617Z", "username": "User43", "last_name": "Martin", "first_name": "Rosie", "email": "43@example.org", "bio": "", "experience": 2, "groups": [], "user_permissions": []}}, {"model": "clubs.user", "pk": 45, "fields": {"password": "pbkdf2_sha256$260000$KMm6E1xLsoY7mA6xOB5UZE$F4b4NIhLJMzPRIMyIUpHKx/ZcpA4PVZY/DsL8FnYf70=", "last_login": null, "is_superuser": false, "is_staff": false, "is_active": true, "date_joined": "2021-12-11T16:44:12.752Z", "username": "User44", "last_name": "Shepherd", "first_name": "Shirley", "email": "44@example.org", "bio": "", "experience": 3, "groups": [], "user_permissions": []}}, {"model": "clubs.user", "pk": 46, "fields": {"password": "pbkdf2_sha256$260000$cUV77X8ITElSVfp1FFAgar$9tuxCYtdIeHHpF9nqlEc2X1Rpsr89Yhb1Rr1UED+hXo=", "last_login": null, "is_superuser": false, "is_staff": false, "is_active": true, "date_joined": "2021-12-11T16:44:12.886Z", "username": "User45", "last_name": "Johnson", "first_name": "Rachael", "email": "45@example.org", "bio": "", "experience": 1, "groups": [], "user_permissions": []}}, {"model": "clubs.user", "pk": 47, "fields": {"password": "pbkdf2_sha256$260000$ffUnDD7TafrYSx3y5kEWs8$s+qn86uLleqqCIiXH8gnVawNq7AtNYQQSvEXWv/3E3g=", "last_login": null, "is_superuser": false, "is_staff": false, "is_active": true, "date_joined": "2021-12-11T16:44:13.022Z", "username": "User46", "last_name": "Jones", "first_name": "Elliott", "email": "46@example.org", "bio": "", "experience": 2, "groups": [], "user_permissions": []}}, {"model": "clubs.user", "pk": 48, "fields": {"password": "pbkdf2_sha256$260000$bMYnsq7Eiij7x11rvlbkRq$igwQqslX8i0hW79syPzM/K8+v10EP2V5B25k4/tsOrI=", "last_login": null, "is_superuser": false, "is_staff": false, "is_active": true, "date_joined": "2021-12-11T16:44:13.154Z", "username": "User47", "last_name": "Thompson", "first_name": "Joanna", "email": "47@example.org", "bio": "", "experience": 3, "groups": [], "user_permissions": []}}, {"model": "clubs.user", "pk": 49, "fields": {"password": "pbkdf2_sha256$260000$TiFrALk0q2x7zxKtkTw4eU$s/okfsTI8miop1e4X13g531XoWdpRUAXAxjqaOV/Hl4=", "last_login": null, "is_superuser": false, "is_staff": false, "is_active": true, "date_joined": "2021-12-11T16:44:13.284Z", "username": "User48", "last_name": "King", "first_name": "Kerry", "email": "48@example.org", "bio": "", "experience": 1, "groups": [], "user_permissions": []}}, {"model": "clubs.user", "pk": 50, "fields": {"password": "pbkdf2_sha256$260000$VrZvYv2V62cDQ5y18BKPKU$VNBSOTUyNxzDIvtKQ6FZdKpwKK322Q7zbmRn0xMuHrA=", "last_login": null, "is_superuser": false, "is_staff": false, "is_active": true, "date_joined": "2021-12-11T16:44:13.422Z", "username": "User49", "last_name": "Brown", "first_name": "Louis", "email": "49@example.org", "bio": "", "experience": 2, "groups": [], "user_permissions": []}}, {"model": "clubs.user", "pk": 51, "fields": {"password": "pbkdf2_sha256$260000$nAoizMdFfxX4MXZqQ0diUa$Puix9K6/erXO91fqbi4FOyLk9zYbjT6ahZGZdi3A8X4=", "last_login": null, "is_superuser": false, "is_staff": false, "is_active": true, "date_joined": "2021-12-11T16:44:13.552Z", "username": "User50", "last_name": "King", "first_name": "Janice", "email": "50@example.org", "bio": "", "experience": 3, "groups": [], "user_permissions": []}}, {"model": "clubs.user", "pk": 52, "fields": {"password": "pbkdf2_sha256$260000$EVvXo3IOqgmCAMYOmG7azc$2vSw/iq5djtvSd5CiVCpsCOYTMog+awAHjg6DlFGB8I=", "last_login": null, "is_superuser": false, "is_staff": false, "is_active": true, "date_joined": "2021-12-11T16:44:13.683Z", "username": "User51", "last_name": "White", "first_name": "Bernard", "email": "51@example.org", "bio": "", "experience": 1, "groups": [], "user_permissions": []}}, {"model": "clubs.user", "pk": 53, "fields": {"password": "pbkdf2_sha256$260000$zU0LjfzSnKPtJqunVoDzct$+JUBusJxMiA5wvgQ6b1kZDok+UXgqaOlQrC/8Fhs4ko=", "last_login": null, "is_superuser": false, "is_staff": false, "is_active": true, "date_joined": "2021-12-11T16:44:13.814Z", "username": "User52", "last_name": "Harvey", "first_name": "Samuel", "email": "52@example.org", "bio": "", "experience": 2, "groups": [], "user_permissions": []}}, {"model": "clubs.user", "pk": 54, "fields": {"password": "pbkdf2_sha256$260000$SZgsEbBbh2CQ252nSh3rU6$k0R+kuXFnfSCVo+PCJskfVfp77beIJYF5p4FDZIWU50=", "last_login": null, "is_superuser": false, "is_staff": false, "is_active": true, "date_joined": "2021-12-11T16:44:13.945Z", "username": "User53", "last_name": "Hodgson", "first_name": "Jeffrey", "email": "53@example.org", "bio": "", "experience": 3, "groups": [], "user_permissions": []}}, {"model": "clubs.user", "pk": 55, "fields": {"password": "pbkdf2_sha256$260000$TUTZ0hSRCCcP6cURiJRjox$fxon7Jbhx0T6QEddLXMxuvqP0fiV0laXFZs1P01Ed/Y=", "last_login": null, "is_superuser": false, "is_staff": false, "is_active": true, "date_joined": "2021-12-11T16:44:14.075Z", "username": "User54", "last_name": "Gill", "first_name": "Paige", "email": "54@example.org", "bio": "", "experience": 1, "groups": [], "user_permissions": []}}, {"model": "clubs.user", "pk": 56, "fields": {"password": "pbkdf2_sha256$260000$WDSGVHgOvANYFUGBkPtmlX$4ST5RqWrXIdp0Y05Sf2PodUvdaHV/o6h1cOtOWxwom4=", "last_login": null, "is_superuser": false, "is_staff": false, "is_active": true, "date_joined": "2021-12-11T16:44:14.323Z", "username": "User55", "last_name": "Robinson", "first_name": "Gillian", "email": "55@example.org", "bio": "", "experience": 2, "groups": [], "user_permissions": []}}, {"model": "clubs.user", "pk": 57, "fields": {"password": "pbkdf2_sha256$260000$FRzKidVQlfydaWjwvFGsOo$AYNMTJOkzjseNKVHMlBnov6mo/Rhl7hEQ0VBomtPDaE=", "last_login": null, "is_superuser": false, "is_staff": false, "is_active": true, "date_joined": "2021-12-11T16:44:14.481Z", "username": "User56", "last_name": "Williams", "first_name": "Chelsea", "email": "56@example.org", "bio": "", "experience": 3, "groups": [], "user_permissions": []}}, {"model": "clubs.user", "pk": 58, "fields": {"password": "pbkdf2_sha256$260000$wjtrTQexzQkLaGySVdyMgw$btM+/dpEU5DZai9CNmPiNSipdCK9i//Z7CrO83b+x+w=", "last_login": null, "is_superuser": false, "is_staff": false, "is_active": true, "date_joined": "2021-12-11T16:44:14.614Z", "username": "User57", "last_name": "Begum", "first_name": "Jay", "email": "57@example.org", "bio": "", "experience": 1, "groups": [], "user_permissions": []}}, {"model": "clubs.user", "pk": 59, "fields": {"password": "pbkdf2_sha256$260000$NUzQAtLk7row5G5i9CYqTO$krmr4N/qKXqPvMnThiCeiC8jXDuPJ8tEhHr9f4ueQ1g=", "last_login": null, "is_superuser": false, "is_staff": false, "is_active": true, "date_joined": "2021-12-11T16:44:14.748Z", "username": "User58", "last_name": "Kennedy", "first_name": "Christine", "email": "58@example.org", "bio": "", "experience": 2, "groups": [], "user_permissions": []}}, {"model": "clubs.user", "pk": 60, "fields": {"password": "pbkdf2_sha256$260000$iVP018r8BX1rmtSQLe6ZFK$xG6VH93aElzyyqo3xP1Yvy/KUGGw6T7RJlJWN9gGA3Y=", "last_login": null, "is_superuser": false, "is_staff": false, "is_active": true, "date_joined": "2021-12-11T16:44:14.878Z", "username": "User59", "last_name": "Harrison", "first_name": "Elizabeth", "email": "59@example.org", "bio": "", "experience": 3, "groups": [], "user_permissions": []}}, {"model": "clubs.user", "pk": 61, "fields": {"password": "pbkdf2_sha256$260000$LNE5NNh4MaEsRidWdL1bzN$sCJFmSw0MmrkU37LoO0Ghx0ikd5anvW39XVrR7G0U3E=", "last_login": null, "is_superuser": false, "is_staff": false, "is_active": true, "date_joined": "2021-12-11T16:44:15.009Z", "username": "User60", "last_name": "Hussain", "first_name": "Danielle", "email": "60@example.org", "bio": "", "experience": 1, "groups": [], "user_permissions": []}}, {"model": "clubs.user", "pk": 62, "fields": {"password": "pbkdf2_sha256$260000$iZ2BaeC453lhx9eZgFJkXi$CNYjYWBgKQKlrtvf4VxsJBzXcNOze3mhRp+Hxdfa0eM=", "last_login": null, "is_superuser": false, "is_staff": false, "is_active": true, "date_joined": "2021-12-11T16:44:15.139Z", "username": "User61", "last_name": "Williams", "first_name": "Sara", "email": "61@example.org", "bio": "", "experience": 2, "groups": [], "user_permissions": []}}, {"model": "clubs.user", "pk": 63, "fields": {"password": "pbkdf2_sha256$260000$kWF8GsWGYyxCw3b1sC08lh$S3yRt2OJQx+Ierlf5xjezWbFdvmQzFMiWAyr1+P/+w8=", "last_login": null, "is_superuser": false, "is_staff": false, "is_active": true, "date_joined": "2021-12-11T16:44:15.269Z", "username": "User62", "last_name": "John", "first_name": "Judith", "email": "62@example.org", "bio": "", "experience": 3, "groups": [], "user_permissions": []}}, {"model": "clubs.user", "pk": 64, "fields": {"password": "pbkdf2_sha256$260000$i9iquH5NU2GothvouPX6e0$rA4+FUJs/Vje+l+HB+BVyYszZYTHBs425qY2gQ78Xio=", "last_login": null, "is_superuser": false, "is_staff": false, "is_active": true, "date_joined": "2021-12-11T16:44:15.403Z", "username": "User63", "last_name": "O'Brien", "first_name": "Christine", "email": "63@example.org", "bio": "", "experience": 1, "groups": [], "user_permissions": []}}, {"model": "clubs.user", "pk": 65, "fields": {"password": "pbkdf2_sha256$260000$jYHAQ2akejNya07NfI5sNR$spcovBmLhy992G+3g3CaMTa9bzsv20V1HHotgXsuKho=", "last_login": null, "is_superuser": false, "is_staff": false, "is_active": true, "date_joined": "2021-12-11T16:44:15.533Z", "username": "User64", "last_name": "Price", "first_name": "Derek", "email": "64@example.org", "bio": "", "experience": 2, "groups": [], "user_permissions": []}}, {"model": "clubs.user", "pk": 66, "fields": {"password": "pbkdf2_sha256$260000$SmDL6YeHzWRY74pWJ7BBby$tBiwethGVLxXw+yX9eYuSjYSXedSqGgf5BeqEznK9mk=", "last_login": null, "is_superuser": false, "is_staff": false, "is_active": true, "date_joined": "2021-12-11T16:44:15.665Z", "username": "User65", "last_name": "Chadwick", "first_name": "Jane", "email": "65@example.org", "bio": "", "experience": 3, "groups": [], "user_permissions": []}}, {"model": "clubs.user", "pk": 67, "fields": {"password": "pbkdf2_sha256$260000$lvAQSII8hiCf1RigVTwEHp$jKzcbJKqBGf3mvSdmFqS7XCv5KtIWuP3SYAOCmUZkc8=", "last_login": null, "is_superuser": false, "is_staff": false, "is_active": true, "date_joined": "2021-12-11T16:44:15.796Z", "username": "User66", "last_name": "O'Connor", "first_name": "Alan", "email": "66@example.org", "bio": "", "experience": 1, "groups": [], "user_permissions": []}}, {"model": "clubs.user", "pk": 68, "fields": {"password": "pbkdf2_sha256$260000$9SjK7OZ2kF0845EuHyHR0P$fSgRmwVTccvyIVetSHmmy3+gib3kSgdpQ3FiNigXRt8=", "last_login": null, "is_superuser": false, "is_staff": false, "is_active": true, "date_joined": "2021-12-11T16:44:15.927Z", "username": "User67", "last_name": "Bennett", "first_name": "Eric", "email": "67@example.org", "bio": "", "experience": 2, "groups": [], "user_permissions": []}}, {"model": "clubs.user", "pk": 69, "fields": {"password": "pbkdf2_sha256$260000$plFr3Zv40x4WPEe0WSQsKn$NZiBi1RfvXhq1v86Vno0TZXKQULqizK7Aow3+TA6/Pk=", "last_login": null, "is_superuser": false, "is_staff": false, "is_active": true, "date_joined": "2021-12-11T16:44:16.056Z", "username": "User68", "last_name": "Parker", "first_name": "Janet", "email": "68@example.org", "bio": "", "experience": 3, "groups": [], "user_permissions": []}}, {"model": "clubs.user", "pk": 70, "fields": {"password": "pbkdf2_sha256$260000$RGyaq8IENy2m4PnOpachW4$BcTRH4jLM+h1IG4sInM7Be0l+a8RQTSj+TRYxnLVvOQ=", "last_login": null, "is_superuser": false, "is_staff": false, "is_active": true, "date_joined": "2021-12-11T16:44:16.191Z", "username": "User69", "last_name": "Quinn", "first_name": "Gemma", "email": "69@example.org", "bio": "", "experience": 1, "groups": [], "user_permissions": []}}, {"model": "clubs.user", "pk": 71, "fields": {"password": "pbkdf2_sha256$260000$54KWwDvejL66AhdAZg7Kp0$skj30HZAHsIHp8janieTX4LOEL+k2j7ghf0k1L8QyrE=", "last_login": null, "is_superuser": false, "is_staff": false, "is_active": true, "date_joined": "2021-12-11T16:44:16.322Z", "username": "User70", "last_name": "Gray", "first_name": "Paula", "email": "70@example.org", "bio": "", "experience": 2, "groups": [], "user_permissions": []}}, {"model": "clubs.user", "pk": 72, "fields": {"password": "pbkdf2_sha256$260000$A4t7hbtd7Vse6nAnLvg4mu$nPhhcYSDxLy5oXM10C/AJfCA248PXKaMi6L0fyTUAkk=", "last_login": null, "is_superuser": false, "is_staff": false, "is_active": true, "date_joined": "2021-12-11T16:44:16.453Z", "username": "User71", "last_name": "Smith", "first_name": "Eric", "email": "71@example.org", "bio": "", "experience": 3, "groups": [], "user_permissions": []}}, {"model": "clubs.user", "pk": 73, "fields": {"password": "pbkdf2_sha256$260000$p98mI7t1AX0DeReTQ2q1MN$a4b5FgATstpRjI8OGR0hQcJUn2oSzGRKndT0y2lb0AM=", "last_login": null, "is_superuser": false, "is_staff": false, "is_active": true, "date_joined": "2021-12-11T16:44:16.584Z", "username": "User72", "last_name": "Cooper", "first_name": "Darren", "email": "72@example.org", "bio": "", "experience": 1, "groups": [], "user_permissions": []}}, {"model": "clubs.user", "pk": 74, "fields": {"password": "pbkdf2_sha256$260000$MXaIaadDnAvSFrFSfHxFJy$3P4UZbJeufbAhPlSjRsI+gfju04OxzHTs9phn5O3l7c=", "last_login": null, "is_superuser": false, "is_staff": false, "is_active": true, "date_joined": "2021-12-11T16:44:16.715Z", "username": "User73", "last_name": "Davison", "first_name": "Francesca", "email": "73@example.org", "bio": "", "experience": 2, "groups": [], "user_permissions": []}}, {"model": "clubs.user", "pk": 75, "fields": {"password": "pbkdf2_sha256$260000$dhHkYJk6cotyybkkQVqq2w$43FXQeNZujabb5TdhyBFmOsPpf7rCUih71jHf3MvakI=", "last_login": null, "is_superuser": false, "is_staff": false, "is_active": true, "date_joined": "2021-12-11T16:44:16.851Z", "username": "User74", "last_name": "Edwards", "first_name": "Gary", "email": "74@example.org", "bio": "", "experience": 3, "groups": [], "user_permissions": []}}, {"model": "clubs.user", "pk": 76, "fields": {"password": "pbkdf2_sha256$260000$a0Y2IkStyXaJ56fVaPb5Gr$v0A1yDxbmVfGQGLa9kLXxUWxHXOzhxzT2Hr/YEYx7hM=", "last_login": null, "is_superuser": false, "is_staff": false, "is_active": true, "date_joined": "2021-12-11T16:44:16.987Z", "username": "User75", "last_name": "Ward", "first_name": "Grace", "email": "75@example.org", "bio": "", "experience": 1, "groups": [], "user_permissions": []}}, {"model": "clubs.user", "pk": 77, "fields": {"password": "pbkdf2_sha256$260000$fPYgMt1NKM23iIDDOcoUgI$xI5dIJZN6wZSjCkOwzslxnEDeEY7eoG50ZzfNDSby9w=", "last_login": null, "is_superuser": false, "is_staff": false, "is_active": true, "date_joined": "2021-12-11T16:44:17.121Z", "username": "User76", "last_name": "Smith", "first_name": "Sandra", "email": "76@example.org", "bio": "", "experience": 2, "groups": [], "user_permissions": []}}, {"model": "clubs.user", "pk": 78, "fields": {"password": "pbkdf2_sha256$260000$w6ftrWmdiQXpnxD6BuOKh4$RAtVHHF170kdB6lKkD3+i8V+Yq81KPpOJ5g9isdCWfk=", "last_login": null, "is_superuser": false, "is_staff": false, "is_active": true, "date_joined": "2021-12-11T16:44:17.258Z", "username": "User77", "last_name": "Watson", "first_name": "Alexander", "email": "77@example.org", "bio": "", "experience": 3, "groups": [], "user_permissions": []}}, {"model": "clubs.user", "pk": 79, "fields": {"password": "pbkdf2_sha256$260000$UwV7tlPBgpXksyu5oWXY5S$I+srTMjrh/b9ycOBxMHvjUKjCy6HcB5lg06ltVGFKKk=", "last_login": null, "is_superuser": false, "is_staff": false, "is_active": true, "date_joined": "2021-12-11T16:44:17.398Z", "username": "User78", "last_name": "Smith", "first_name": "Jake", "email": "78@example.org", "bio": "", "experience": 1, "groups": [], "user_permissions": []}}, {"model": "clubs.user", "pk": 80, "fields": {"password": "pbkdf2_sha256$260000$sHwqRR65SLVi0Iyy2WVnwe$nzw87aNH3SlD9yg91PrULNUdE3/122GyglHxNBbmjcY=", "last_login": null, "is_superuser": false, "is_staff": false, "is_active": true, "date_joined": "2021-12-11T16:44:17.534Z", "username": "User79", "last_name": "Hunter", "first_name": "Lawrence", "email": "79@example.org", "bio": "", "experience": 2, "groups": [], "user_permissions": []}}, {"model": "clubs.user", "pk": 81, "fields": {"password": "pbkdf2_sha256$260000$8GyutJjagJRqIVHQqTLiuf$emII62s43zTEGcdg3+O2v5fXCxx5Z10csH5qmjkv4XU=", "last_login": null, "is_superuser": false, "is_staff": false, "is_active": true, "date_joined": "2021-12-11T16:44:17.668Z", "username": "User80", "last_name": "Ryan", "first_name": "Jonathan", "email": "80@example.org", "bio": "", "experience": 3, "groups": [], "user_permissions": []}}, {"model": "clubs.user", "pk": 82, "fields": {"password": "pbkdf2_sha256$260000$YEPKb6Pzpnasq9fwa9wmMz$CsrThMmFJ8bO81L06bVW937vjPvS+CiwubeLq5x+XkU=", "last_login": null, "is_superuser": false, "is_staff": false, "is_active": true, "date_joined": "2021-12-11T16:44:17.800Z", "username": "User81", "last_name": "Dixon", "first_name": "Bryan", "email": "81@example.org", "bio": "", "experience": 1, "groups": [], "user_permissions": []}}, {"model": "clubs.user", "pk": 83, "fields": {"password": "pbkdf2_sha256$260000$cp7CrwLFAjoggQsgKRkIAV$pftdv4gua4Se5RY40CyX84iJY/Zaw9fcoeeUYX3mCG8=", "last_login": null, "is_superuser": false, "is_staff": false, "is_active": true, "date_joined": "2021-12-11T16:44:17.930Z", "username": "User82", "last_name": "Davies", "first_name": "Geoffrey", "email": "82@example.org", "bio": "", "experience": 2, "groups": [], "user_permissions": []}}, {"model": "clubs.user", "pk": 84, "fields": {"password": "pbkdf2_sha256$260000$rZDarRyGgA4zYFeTIqJ7Jg$aUvbSTkgosO1PK0YRR6YpMWzBE7zI04N9D286opBlMI=", "last_login": null, "is_superuser": false, "is_staff": false, "is_active": true, "date_joined": "2021-12-11T16:44:18.061Z", "username": "User83", "last_name": "Sims", "first_name": "Shane", "email": "83@example.org", "bio": "", "experience": 3, "groups": [], "user_permissions": []}}, {"model": "clubs.user", "pk": 85, "fields": {"password": "pbkdf2_sha256$260000$UWVmMk5ZQkMBWPcsTHjXBG$fPmm8kFtMt/3jb40+KG34tmR6jtG1Pw6ljVcmGSr/P0=", "last_login": null, "is_superuser": false, "is_staff": false, "is_active": true, "date_joined": "2021-12-11T16:44:18.193Z", "username": "User84", "last_name": "Barnett", "first_name": "Mohammad", "email": "84@example.org", "bio": "", "experience": 1, "groups": [], "user_permissions": []}}, {"model": "clubs.user", "pk": 86, "fields": {"password": "pbkdf2_sha256$260000$vIVxhSAky7zjuXaVA5G5cL$0VmXjPPzivL2ljLFcayNq4J/Q7jgVhUWr7JuqrA0V3s=", "last_login": null, "is_superuser": false, "is_staff": false, "is_active": true, "date_joined": "2021-12-11T16:44:18.326Z", "username": "User85", "last_name": "Smith", "first_name": "Tracey", "email": "85@example.org", "bio": "", "experience": 2, "groups": [], "user_permissions": []}}, {"model": "clubs.user", "pk": 87, "fields": {"password": "pbkdf2_sha256$260000$68mtDqM4lD4Rv85YnwLuGz$SF/QMSMT/iSyO0vAEaZpnOEp8y0OORWgQXy+F0AQDjg=", "last_login": null, "is_superuser": false, "is_staff": false, "is_active": true, "date_joined": "2021-12-11T16:44:18.460Z", "username": "User86", "last_name": "Taylor", "first_name": "Katherine", "email": "86@example.org", "bio": "", "experience": 3, "groups": [], "user_permissions": []}}, {"model": "clubs.user", "pk": 88, "fields": {"password": "pbkdf2_sha256$260000$e5drVU4fjCBP9KUuHMiZ2n$iRffuErpGSLKoHQNoWhXBG6aTFIazAzmdvYOHdY+VQo=", "last_login": null, "is_superuser": false, "is_staff": false, "is_active": true, "date_joined": "2021-12-11T16:44:18.591Z", "username": "User87", "last_name": "Rhodes", "first_name": "Gerard", "email": "87@example.org", "bio": "", "experience": 1, "groups": [], "user_permissions": []}}, {"model": "clubs.user", "pk": 89, "fields": {"password": "pbkdf2_sha256$260000$A7q0EhSpxZfnOuajAV39L1$9lp+sfODMH66zv6fV12x2z4seXCGnlZ1Uu0qeSlsof4=", "last_login": null, "is_superuser": false, "is_staff": false, "is_active": true, "date_joined": "2021-12-11T16:44:18.721Z", "username": "User88", "last_name": "Wilson", "first_name": "Elliot", "email": "88@example.org", "bio": "", "experience": 2, "groups": [], "user_permissions": []}}, {"model": "clubs.user", "pk": 90, "fields": {"password": "pbkdf2_sha256$260000$Q7f88oMDKNkaqPWfXcQ8Ul$E4hMWLQMMddRCWna11s1xvSkFa3X0v6Q4HGr1NxWQNs=", "last_login": null, "is_superuser": false, "is_staff": false, "is_active": true, "date_joined": "2021-12-11T16:44:18.851Z", "username": "User89", "last_name": "Birch", "first_name": "Harriet", "email": "89@example.org", "bio": "", "experience": 3, "groups": [], "user_permissions": []}}, {"model": "clubs.user", "pk": 91, "fields": {"password": "pbkdf2_sha256$260000$TQ7MiFn7FQnPE1wAaV2QWO$CaEazFBz4vGjCV7iJp0emfYcGhEM832vuFztVev0GgI=", "last_login": null, "is_superuser": false, "is_staff": false, "is_active": true, "date_joined": "2021-12-11T16:44:18.982Z", "username": "User90", "last_name": "Lewis", "first_name": "Gemma", "email": "90@example.org", "bio": "", "experience": 1, "groups": [], "user_permissions": []}}, {"model": "clubs.user", "pk": 92, "fields": {"password": "pbkdf2_sha256$260000$4wTgRSIzcBj4ogP8Vivb7H$r0HWXW8MouHg19HLsnI4KrsHKNU39DN4HXahFfy4bV8=", "last_login": null, "is_superuser": false, "is_staff": false, "is_active": true, "date_joined": "2021-12-11T16:44:19.114Z", "username": "User91", "last_name": "Potter", "first_name": "Albert", "email": "91@example.org", "bio": "", "experience": 2, "groups": [], "user_permissions": []}}, {"model": "clubs.user", "pk": 93, "fields": {"password": "pbkdf2_sha256$260000$7ANPW8XMVK3LW45odvKVt2$2N/Wgbh/6JsgeXqfEEQXaHadLmxiNp+8ZcyjimJ8alo=", "last_login": null, "is_superuser": false, "is_staff": false, "is_active": true, "date_joined": "2021-12-11T16:44:19.247Z", "username": "User92", "last_name": "Brown", "first_name": "Holly", "email": "92@example.org", "bio": "", "experience": 3, "groups": [], "user_permissions": []}}, {"model": "clubs.user", "pk": 94, "fields": {"password": "pbkdf2_sha256$260000$8Bf6QaHBIJljdzTxj5ix0e$7Opv/yAKFOr6kKAJwkTZMHXQ/4nME8PlGljYiYKvhoM=", "last_login": null, "is_superuser": false, "is_staff": false, "is_active": true, "date_joined": "2021-12-11T16:44:19.379Z", "username": "User93", "last_name": "Robinson", "first_name": "Stephen", "email": "93@example.org", "bio": "", "experience": 1, "groups": [], "user_permissions": []}}, {"model": "clubs.user", "pk": 95, "fields": {"password": "pbkdf2_sha256$260000$gdBNQg98fbJw4vvPoDUPwa$R53lLqJ1ad2MHSNs8aMEwF+mJTHqympI46VaonSqXqM=", "last_login": null, "is_superuser": false, "is_staff": false, "is_active": true, "date_joined": "2021-12-11T16:44:19.514Z", "username": "User94", "last_name": "Hall", "first_name": "Christine", "email": "94@example.org", "bio": "", "experience": 2, "groups": [], "user_permissions": []}}, {"model": "clubs.user", "pk": 96, "fields": {"password": "pbkdf2_sha256$260000$JUIRxMilEU7v4fUCj2lAgL$g3y/a8ZGz8gc8mAIWb3yzOTdIbx6VFTAIyPPm2CxlUE=", "last_login": null, "is_superuser": false, "is_staff": false, "is_active": true, "date_joined": "2021-12-11T16:44:19.648Z", "username": "User95", "last_name": "Morgan", "first_name": "Amanda", "email": "95@example.org", "bio": "", "experience": 3, "groups": [], "user_permissions": []}}, {"model": "clubs.membership", "pk": 1, "fields": {"club": 1, "user": 1, "is_officer": false, "is_owner": false}}, {"model": "clubs.membership", "pk": 2, "fields": {"club": 1, "user": 2, "is_officer": false, "is_owner": false}}, {"model": "clubs.membership", "pk": 3, "fields": {"club": 1, "user": 3, "is_officer": false, "is_owner": false}}, {"model": "clubs.membership", "pk": 4, "fields": {"club": 1, "user": 4, "is_officer": false, "is_owner": false}}, {"model": "clubs.membership", "pk": 5, "fields": {"club": 1, "user": 5, "is_officer": false, "is_owner": false}}, {"model": "clubs.membership", "pk": 6, "fields": {"club": 1, "user": 6, "is_officer": false, "is_owner": false}}, {"model": "clubs.membership", "pk": 7, "fields": {"club": 1, "user": 7, "is_officer": false, "is_owner": false}}, {"model": "clubs.membership", "pk": 8, "fields": {"club": 1, "user": 8, "is_officer": false, "is_owner": false}}, {"model": "clubs.membership", "pk": 9, "fields": {"club": 1, "user": 9, "is_officer": false, "is_owner": false}}, {"model": "clubs.membership", "pk": 10, "fields": {"club": 1, "user": 10, "is_officer": false, "is_owner": false}}, {"model": "clubs.membership", "pk": 11, "fields": {"club": 1, "user": 11, "is_officer": false, "is_owner": false}}, {"model": "clubs.membership", "pk": 12, "fields": {"club": 1, "user": 12, "is_officer": false, "is_owner": false}}, {"model": "clubs.membership", "pk": 13, "fields": {"club": 1, "user": 13, "is_officer": false, "is_owner": false}}, {"model": "clubs.membership", "pk": 14, "fields": {"club": 1, "user": 14, "is_officer": false, "is_owner": false}}, {"model": "clubs.membership", "pk": 15, "fields": {"club": 1, "user": 15, "is_officer": false, "is_owner": false}}, {"model": "clubs.membership", "pk": 16, "fields": {"club": 1, "user": 16, "is_officer": false, "is_owner": false}}, {"model": "clubs.membership", "pk": 17, "fields": {"club": 1, "user": 17, "is_officer": false, "is_owner": false}}, {"model": "clubs.membership", "pk": 18, "fields": {"club": 1, "user": 18, "is_officer": false, "is_owner": false}}, {"model": "clubs.membership", "pk": 19, "fields": {"club": 1, "user": 19, "is_officer": false, "is_owner": false}}, {"model": "clubs.membership", "pk": 20, "fields": {"club": 1, "user": 20, "is_officer": false, "is_owner": false}}, {"model": "clubs.membership", "pk": 21, "fields": {"club": 1, "user": 21, "is_officer": false, "is_owner": false}}, {"model": "clubs.membership", "pk": 22, "fields": {"club": 1, "user": 22, "is_officer": false, "is_owner": false}}, {"model": "clubs.membership", "pk": 23, "fields": {"club": 1, "user": 23, "is_officer": false, "is_owner": false}}, {"model": "clubs.membership", "pk": 24, "fields": {"club": 1, "user": 24, "is_officer": false, "is_owner": false}}, {"model": "clubs.membership", "pk": 25, "fields": {"club": 1, "user": 25, "is_officer": false, "is_owner": false}}, {"model": "clubs.membership", "pk": 26, "fields": {"club": 1, "user": 26, "is_officer": false, "is_owner": false}}, {"model": "clubs.membership", "pk": 27, "fields": {"club": 1, "user": 27, "is_officer": false, "is_owner": false}}, {"model": "clubs.membership", "pk": 28, "fields": {"club": 1, "user": 28, "is_officer": false, "is_owner": false}}, {"model": "clubs.membership", "pk": 29, "fields": {"club": 1, "user": 29, "is_officer": false, "is_owner": false}}, {"model": "clubs.membership", "pk": 30, "fields": {"club": 1, "user": 30, "is_officer": false, "is_owner": false}}, {"model": "clubs.membership", "pk": 31, "fields": {"club": 1, "user": 31, "is_officer": false, "is_owner": false}}, {"model": "clubs.membership", "pk": 32, "fields": {"club": 1, "user": 32, "is_officer": false, "is_owner": false}}, {"model": "clubs.membership", "pk": 33, "fields": {"club": 1, "user": 33, "is_officer": false, "is_owner": false}}, {"model": "clubs.membership", "pk": 34, "fields": {"club": 1, "user": 34, "is_officer": false, "is_owner": false}}, {"model": "clubs.membership", "pk": 35, "fields": {"club": 1, "user": 35, "is_officer": false, "is_owner": false}}, {"model": "clubs.membership", "pk": 36, "fields": {"club": 1, "user": 36, "is_officer": false, "is_owner": false}}, {"model": "clubs.membership", "pk": 37, "fields": {"club": 1, "user": 37, "is_officer": false, "is_owner": false}}, {"model": "clubs.membership", "pk": 38, "fields": {"club": 1, "user": 38, "is_officer": false, "is_owner": false}}, {"model": "clubs.membership", "pk": 39, "fields": {"club": 1, "user": 39, "is_officer": false, "is_owner": false}}, {"model": "clubs.membership", "pk": 40, "fields": {"club": 1, "user": 40, "is_officer": false, "is_owner": false}}, {"model": "clubs.membership", "pk": 41, "fields": {"club": 1, "user": 41, "is_officer": false, "is_owner": false}}, {"model": "clubs.membership", "pk": 42, "fields": {"club": 1, "user": 42, "is_officer": false, "is_owner": false}}, {"model": "clubs.membership", "pk": 43, "fields": {"club": 1, "user": 43, "is_officer": false, "is_owner": false}}, {"model": "clubs.membership", "pk": 44, "fields": {"club": 1, "user": 44, "is_officer": false, "is_owner": false}}, {"model": "clubs.membership", "pk": 45, "fields": {"club": 1, "user": 45, "is_officer": false, "is_owner": false}}, {"model": "clubs.membership", "pk": 46, "fields": {"club": 1, "user": 46, "is_officer": false, "is_owner": false}}, {"model": "clubs.membership", "pk": 47, "fields": {"club": 1, "user": 47, "is_officer": false, "is_owner": false}}, {"model": "clubs.membership", "pk": 48, "fields": {"club": 1, "user": 48, "is_officer": false, "is_owner": false}}, {"model": "clubs.membership", "pk": 49, "fields": {"club": 1, "user": 49, "is_officer": false, "is_owner": false}}, {"model": "clubs.membership", "pk": 50, "fields": {"club": 1, "user": 50, "is_officer": false, "is_owner": false}}, {"model": "clubs.membership", "pk": 51, "fields": {"club": 1, "user": 51, "is_officer": false, "is_owner": false}}, {"model": "clubs.membership", "pk": 52, "fields": {"club": 1, "user": 52, "is_officer": false, "is_owner": false}}, {"model": "clubs.membership", "pk": 53, "fields": {"club": 1, "user": 53, "is_officer": false, "is_owner": false}}, {"model": "clubs.membership", "pk": 54, "fields": {"club": 1, "user": 54, "is_officer": false, "is_owner": false}}, {"model": "clubs.membership", "pk": 55, "fields": {"club": 1, "user": 55, "is_officer": false, "is_owner": false}}, {"model": "clubs.membership", "pk": 56, "fields": {"club": 1, "user": 56, "is_officer": false, "is_owner": false}}, {"model": "clubs.membership", "pk": 57, "fields": {"club": 1, "user": 57, "is_officer": false, "is_owner": false}}, {"model": "clubs.membership", "pk": 58, "fields": {"club": 1, "user": 58, "is_officer": false, "is_owner": false}}, {"model": "clubs.membership", "pk": 59, "fields": {"club": 1, "user": 59, "is_officer": false, "is_owner": false}}, {"model": "clubs.membership", "pk": 60, "fields": {"club": 1, "user": 60, "is_officer": false, "is_owner": false}}, {"model": "clubs.membership", "pk": 61, "fields": {"club": 1, "user": 61, "is_officer": false, "is_owner": false}}, {"model": "clubs.membership", "pk": 62, "fields": {"club": 1, "user": 62, "is_officer": false, "is_owner": false}}, {"model": "clubs.membership", "pk": 63, "fields": {"club": 1, "user": 63, "is_officer": false, "is_owner": false}}, {"model": "clubs.membership", "pk": 64, "fields": {"club": 1, "user": 64, "is_officer": false, "is_owner": false}}, {"model": "clubs.membership", "pk": 65, "fields": {"club": 1, "user": 65, "is_officer": false, "is_owner": false}}, {"model": "clubs.membership", "pk": 66, "fields": {"club": 1, "user": 66, "is_officer": false, "is_owner": false}}, {"model": "clubs.membership", "pk": 67, "fields": {"club": 1, "user": 67, "is_officer": false, "is_owner": false}}, {"model": "clubs.membership", "pk": 68, "fields": {"club": 1, "user": 68, "is_officer": false, "is_owner": false}}, {"model": "clubs.membership", "pk": 69, "fields": {"club": 1, "user": 69, "is_officer": false, "is_owner": false}}, {"model": "clubs.membership", "pk": 70, "fields": {"club": 1, "user": 70, "is_officer": false, "is_owner": false}}, {"model": "clubs.membership", "pk": 71, "fields": {"club": 1, "user": 71, "is_officer": false, "is_owner": false}}, {"model": "clubs.membership", "pk": 72, "fields": {"club": 1, "user": 72, "is_officer": false, "is_owner": false}}, {"model": "clubs.membership", "pk": 73, "fields": {"club": 1, "user": 73, "is_officer": false, "is_owner": false}}, {"model": "clubs.membership", "pk": 74, "fields": {"club": 1, "user": 74, "is_officer": false, "is_owner": false}}, {"model": "clubs.membership", "pk": 75, "fields": {"club": 1, "user": 75, "is_officer": false, "is_owner": false}}, {"model": "clubs.membership", "pk": 76, "fields": {"club": 1, "user": 76, "is_officer": false, "is_owner": false}}, {"model": "clubs.membership", "pk": 77, "fields": {"club": 1, "user": 77, "is_officer": false, "is_owner": false}}, {"model": "clubs.membership", "pk": 78, "fields": {"club": 1, "user": 78, "is_officer": false, "is_owner": false}}, {"model": "clubs.membership", "pk": 79, "fields": {"club": 1, "user": 79, "is_officer": false, "is_owner": false}}, {"model": "clubs.membership", "pk": 80, "fields": {"club": 1, "user": 80, "is_officer": false, "is_owner": false}}, {"model": "clubs.membership", "pk": 81, "fields": {"club": 1, "user": 81, "is_officer": false, "is_owner": false}}, {"model": "clubs.membership", "pk": 82, "fields": {"club": 1, "user": 82, "is_officer": false, "is_owner": false}}, {"model": "clubs.membership", "pk": 83, "fields": {"club": 1, "user": 83, "is_officer": false, "is_owner": false}}, {"model": "clubs.membership", "pk": 84, "fields": {"club": 1, "user": 84, "is_officer": false, "is_owner": false}}, {"model": "clubs.membership", "pk": 85, "fields": {"club": 1, "user": 85, "is_officer": false, "is_owner": false}}, {"model": "clubs.membership", "pk": 86, "fields": {"club": 1, "user": 86, "is_officer": false, "is_owner": false}}, {"model": "clubs.membership", "pk": 87, "fields": {"club": 1, "user": 87, "is_officer": false, "is_owner": false}}, {"model": "clubs.membership", "pk": 88, "fields": {"club": 1, "user": 88, "is_officer": false, "is_owner": false}}, {"model": "clubs.membership", "pk": 89, "fields": {"club": 1, "user": 89, "is_officer": false, "is_owner": false}}, {"model": "clubs.membership", "pk": 90, "fields": {"club": 1, "user": 90, "is_officer": false, "is_owner": false}}, {"model": "clubs.membership", "pk": 91, "fields": {"club": 1, "user": 91, "is_officer": false, "is_owner": false}}, {"model": "clubs.membership", "pk": 92, "fields": {"club": 1, "user": 92, "is_officer": false, "is_owner": false}}, {"model": "clubs.membership", "pk": 93, "fields": {"club": 1, "user": 93, "is_officer": false, "is_owner": false}}, {"model": "clubs.membership", "pk": 94, "fields": {"club": 1, "user": 94, "is_officer": false, "is_owner": false}}, {"model": "clubs.membership", "pk": 95, "fields": {"club": 1, "user": 95, "is_officer": false, "is_owner": false}}, {"model": "clubs.membership", "pk": 96, "fields": {"club": 1, "user": 96, "is_officer": false, "is_owner": false}}, {"model": "clubs.membertournamentrelationship", "pk": 1, "fields": {"member": 1, "tournament": 1}}, {"model": "clubs.membertournamentrelationship", "pk": 2, "fields": {"member": 2, "tournament": 1}}, {"model": "clubs.membertournamentrelationship", "pk": 3, "fields": {"member": 3, "tournament": 1}}, {"model": "clubs.membertournamentrelationship", "pk": 4, "fields": {"member": 4, "tournament": 1}}, {"model": "clubs.membertournamentrelationship", "pk": 5, "fields": {"member": 5, "tournament": 1}}, {"model": "clubs.membertournamentrelationship", "pk": 6, "fields": {"member": 6, "tournament": 1}}, {"model": "clubs.membertournamentrelationship", "pk": 7, "fields": {"member": 7, "tournament": 1}}, {"model": "clubs.membertournamentrelationship", "pk": 8, "fields": {"member": 8, "tournament": 1}}, {"model": "clubs.membertournamentrelationship", "pk": 9, "fields": {"member": 9, "tournament": 1}}, {"model": "clubs.membertournamentrelationship", "pk": 10, "fields": {"member": 10, "tournament": 1}}, {"model": "clubs.membertournamentrelationship", "pk": 11, "fields": {"member": 11, "tournament": 1}}, {"model": "clubs.membertournamentrelationship", "pk": 12, "fields": {"member": 12, "tournament": 1}}, {"model": "clubs.membertournamentrelationship", "pk": 13, "fields": {"member": 13, "tournament": 1}}, {"model": "clubs.membertournamentrelationship", "pk": 14, "fields": {"member": 14, "tournament": 1}}, {"model": "clubs.membertournamentrelationship", "pk": 15, "fields": {"member": 15, "tournament": 1}}, {"model": "clubs.membertournamentrelationship", "pk": 16, "fields": {"member": 16, "tournament": 1}}, {"model": "clubs.membertournamentrelationship", "pk": 17, "fields": {"member": 17, "tournament": 1}}, {"model": "clubs.membertournamentrelationship", "pk": 18, "fields": {"member": 18, "tournament": 1}}, {"model": "clubs.membertournamentrelationship", "pk": 19, "fields": {"member": 19, "tournament": 1}}, {"model": "clubs.membertournamentrelationship", "pk": 20, "fields": {"member": 20, "tournament": 1}}, {"model": "clubs.membertournamentrelationship", "pk": 21, "fields": {"member": 21, "tournament": 1}}, {"model": "clubs.membertournamentrelationship", "pk": 22, "fields": {"member": 22, "tournament": 1}}, {"model": "clubs.membertournamentrelationship", "pk": 23, "fields": {"member": 23, "tournament": 1}}, {"model": "clubs.membertournamentrelationship", "pk": 24, "fields": {"member": 24, "tournament": 1}}, {"model": "clubs.membertournamentrelationship", "pk": 25, "fields": {"member": 25, "tournament": 1}}, {"model": "clubs.membertournamentrelationship", "pk": 26, "fields": {"member": 26, "tournament": 1}}, {"model": "clubs.membertournamentrelationship", "pk": 27, "fields": {"member": 27, "tournament": 1}}, {"model": "clubs.membertournamentrelationship", "pk": 28, "fields": {"member": 28, "tournament": 1}}, {"model": "clubs.membertournamentrelationship", "pk": 29, "fields": {"member": 29, "tournament": 1}}, {"model": "clubs.membertournamentrelationship", "pk": 30, "fields": {"member": 30, "tournament": 1}}, {"model": "clubs.membertournamentrelationship", "pk": 31, "fields": {"member": 31, "tournament": 1}}, {"model": "clubs.membertournamentrelationship", "pk": 32, "fields": {"member": 32, "tournament": 1}}, {"model": "clubs.membertournamentrelationship", "pk": 33, "fields": {"member": 33, "tournament": 1}}, {"model": "clubs.membertournamentrelationship", "pk": 34, "fields": {"member": 34, "tournament": 1}}, {"model": "clubs.membertournamentrelationship", "pk": 35, "fields": {"member": 35, "tournament": 1}}, {"model": "clubs.membertournamentrelationship", "pk": 36, "fields": {"member": 36, "tournament": 1}}, {"model": "clubs.membertournamentrelationship", "pk": 37, "fields": {"member": 37, "tournament": 1}}, {"model": "clubs.membertournamentrelationship", "pk": 38, "fields": {"member": 38, "tournament": 1}}, {"model": "clubs.membertournamentrelationship", "pk": 39, "fields": {"member": 39, "tournament": 1}}, {"model": "clubs.membertournamentrelationship", "pk": 40, "fields": {"member": 40, "tournament": 1}}, {"model": "clubs.membertournamentrelationship", "pk": 41, "fields": {"member": 41, "tournament": 1}}, {"model": "clubs.membertournamentrelationship", "pk": 42, "fields": {"member": 42, "tournament": 1}}, {"model": "clubs.membertournamentrelationship", "pk": 43, "fields": {"member": 43, "tournament": 1}}, {"model": "clubs.membertournamentrelationship", "pk": 44, "fields": {"member": 44, "tournament": 1}}, {"model": "clubs.membertournamentrelationship", "pk": 45, "fields": {"member": 45, "tournament": 1}}, {"model": "clubs.membertournamentrelationship", "pk": 46, "fields": {"member": 46, "tournament": 1}}, {"model": "clubs.membertournamentrelationship", "pk": 47, "fields": {"member": 47, "tournament": 1}}, {"model": "clubs.membertournamentrelationship", "pk": 48, "fields": {"member": 48, "tournament": 1}}, {"model": "clubs.membertournamentrelationship", "pk": 49, "fields": {"member": 49, "tournament": 1}}, {"model": "clubs.membertournamentrelationship", "pk": 50, "fields": {"member": 50, "tournament": 1}}, {"model": "clubs.membertournamentrelationship", "pk": 51, "fields": {"member": 51, "tournament": 1}}, {"model": "clubs.membertournamentrelationship", "pk": 52, "fields": {"member": 52, "tournament": 1}}, {"model": "clubs.membertournamentrelationship", "pk": 53, "fields": {"member": 53, "tournament": 1}}, {"model": "clubs.membertournamentrelationship", "pk": 54, "fields": {"member": 54, "tournament": 1}}, {"model": "clubs.membertournamentrelationship", "pk": 55, "fields": {"member": 55, "tournament": 1}}, {"model": "clubs.membertournamentrelationship", "pk": 56, "fields": {"member": 56, "tournament": 1}}, {"model": "clubs.membertournamentrelationship", "pk": 57, "fields": {"member": 57, "tournament": 1}}, {"model": "clubs.membertournamentrelationship", "pk": 58, "fields": {"member": 58, "tournament": 1}}, {"model": "clubs.membertournamentrelationship", "pk": 59, "fields": {"member": 59, "tournament": 1}}, {"model": "clubs.membertournamentrelationship", "pk": 60, "fields": {"member": 60, "tournament": 1}}, {"model": "clubs.membertournamentrelationship", "pk": 61, "fields": {"member": 61, "tournament": 1}}, {"model": "clubs.membertournamentrelationship", "pk": 62, "fields": {"member": 62, "tournament": 1}}, {"model": "clubs.membertournamentrelationship", "pk": 63, "fields": {"member": 63, "tournament": 1}}, {"model": "clubs.membertournamentrelationship", "pk": 64, "fields": {"member": 64, "tournament": 1}}, {"model": "clubs.membertournamentrelationship", "pk": 65, "fields": {"member": 65, "tournament": 1}}, {"model": "clubs.membertournamentrelationship", "pk": 66, "fields": {"member": 66, "tournament": 1}}, {"model": "clubs.membertournamentrelationship", "pk": 67, "fields": {"member": 67, "tournament": 1}}, {"model": "clubs.membertournamentrelationship", "pk": 68, "fields": {"member": 68, "tournament": 1}}, {"model": "clubs.membertournamentrelationship", "pk": 69, "fields": {"member": 69, "tournament": 1}}, {"model": "clubs.membertournamentrelationship", "pk": 70, "fields": {"member": 70, "tournament": 1}}, {"model": "clubs.membertournamentrelationship", "pk": 71, "fields": {"member": 71, "tournament": 1}}, {"model": "clubs.membertournamentrelationship", "pk": 72, "fields": {"member": 72, "tournament": 1}}, {"model": "clubs.membertournamentrelationship", "pk": 73, "fields": {"member": 73, "tournament": 1}}, {"model": "clubs.membertournamentrelationship", "pk": 74, "fields": {"member": 74, "tournament": 1}}, {"model": "clubs.membertournamentrelationship", "pk": 75, "fields": {"member": 75, "tournament": 1}}, {"model": "clubs.membertournamentrelationship", "pk": 76, "fields": {"member": 76, "tournament": 1}}, {"model": "clubs.membertournamentrelationship", "pk": 77, "fields": {"member": 77, "tournament": 1}}, {"model": "clubs.membertournamentrelationship", "pk": 78, "fields": {"member": 78, "tournament": 1}}, {"model": "clubs.membertournamentrelationship", "pk": 79, "fields": {"member": 79, "tournament": 1}}, {"model": "clubs.membertournamentrelationship", "pk": 80, "fields": {"member": 80, "tournament": 1}}, {"model": "clubs.membertournamentrelationship", "pk": 81, "fields": {"member": 81, "tournament": 1}}, {"model": "clubs.membertournamentrelationship", "pk": 82, "fields": {"member": 82, "tournament": 1}}, {"model": "clubs.membertournamentrelationship", "pk": 83, "fields": {"member": 83, "tournament": 1}}, {"model": "clubs.membertournamentrelationship", "pk": 84, "fields": {"member": 84, "tournament": 1}}, {"model": "clubs.membertournamentrelationship", "pk": 85, "fields": {"member": 85, "tournament": 1}}, {"model": "clubs.membertournamentrelationship", "pk": 86, "fields": {"member": 86, "tournament": 1}}, {"model": "clubs.membertournamentrelationship", "pk": 87, "fields": {"member": 87, "tournament": 1}}, {"model": "clubs.membertournamentrelationship", "pk": 88, "fields": {"member": 88, "tournament": 1}}, {"model": "clubs.membertournamentrelationship", "pk": 89, "fields": {"member": 89, "tournament": 1}}, {"model": "clubs.membertournamentrelationship", "pk": 90, "fields": {"member": 90, "tournament": 1}}, {"model": "clubs.membertournamentrelationship", "pk": 91, "fields": {"member": 91, "tournament": 1}}, {"model": "clubs.membertournamentrelationship", "pk": 92, "fields": {"member": 92, "tournament": 1}}, {"model": "clubs.membertournamentrelationship", "pk": 93, "fields": {"member": 93, "tournament": 1}}, {"model": "clubs.membertournamentrelationship", "pk": 94, "fields": {"member": 94, "tournament": 1}}, {"model": "clubs.membertournamentrelationship", "pk": 95, "fields": {"member": 95, "tournament": 1}}, {"model": "clubs.membertournamentrelationship", "pk": 96, "fields": {"member": 96, "tournament": 1}}, {"model": "clubs.participant", "pk": 1, "fields": {"round_eliminated": -1, "joined": "2021-12-11T16:44:07.062Z"}}, {"model": "clubs.participant", "pk": 2, "fields": {"round_eliminated": -1, "joined": "2021-12-11T16:44:07.194Z"}}, {"model": "clubs.participant", "pk": 3, "fields": {"round_eliminated": -1, "joined": "2021-12-11T16:44:07.323Z"}}, {"model": "clubs.participant", "pk": 4, "fields": {"round_eliminated": -1, "joined": "2021-12-11T16:44:07.456Z"}}, {"model": "clubs.participant", "pk": 5, "fields": {"round_eliminated": -1, "joined": "2021-12-11T16:44:07.587Z"}}, {"model": "clubs.participant", "pk": 6, "fields": {"round_eliminated": -1, "joined": "2021-12-11T16:44:07.722Z"}}, {"model": "clubs.participant", "pk": 7, "fields": {"round_eliminated": -1, "joined": "2021-12-11T16:44:07.856Z"}}, {"model": "clubs.participant", "pk": 8, "fields": {"round_eliminated": -1, "joined": "2021-12-11T16:44:07.987Z"}}, {"model": "clubs.participant", "pk": 9, "fields": {"round_eliminated": -1, "joined": "2021-12-11T16:44:08.121Z"}}, {"model": "clubs.participant", "pk": 10, "fields": {"round_eliminated": -1, "joined": "2021-12-11T16:44:08.253Z"}}, {"model": "clubs.participant", "pk": 11, "fields": {"round_eliminated": -1, "joined": "2021-12-11T16:44:08.384Z"}}, {"model": "clubs.participant", "pk": 12, "fields": {"round_eliminated": -1, "joined": "2021-12-11T16:44:08.517Z"}}, {"model": "clubs.participant", "pk": 13, "fields": {"round_eliminated": -1, "joined": "2021-12-11T16:44:08.652Z"}}, {"model": "clubs.participant", "pk": 14, "fields": {"round_eliminated": -1, "joined": "2021-12-11T16:44:08.783Z"}}, {"model": "clubs.participant", "pk": 15, "fields": {"round_eliminated": -1, "joined": "2021-12-11T16:44:08.914Z"}}, {"model": "clubs.participant", "pk": 16, "fields": {"round_eliminated": -1, "joined": "2021-12-11T16:44:09.046Z"}}, {"model": "clubs.participant", "pk": 17, "fields": {"round_eliminated": -1, "joined": "2021-12-11T16:44:09.189Z"}}, {"model": "clubs.participant", "pk": 18, "fields": {"round_eliminated": -1, "joined": "2021-12-11T16:44:09.322Z"}}, {"model": "clubs.participant", "pk": 19, "fields": {"round_eliminated": -1, "joined": "2021-12-11T16:44:09.454Z"}}, {"model": "clubs.participant", "pk": 20, "fields": {"round_eliminated": -1, "joined": "2021-12-11T16:44:09.586Z"}}, {"model": "clubs.participant", "pk": 21, "fields": {"round_eliminated": -1, "joined": "2021-12-11T16:44:09.719Z"}}, {"model": "clubs.participant", "pk": 22, "fields": {"round_eliminated": -1, "joined": "2021-12-11T16:44:09.851Z"}}, {"model": "clubs.participant", "pk": 23, "fields": {"round_eliminated": -1, "joined": "2021-12-11T16:44:09.984Z"}}, {"model": "clubs.participant", "pk": 24, "fields": {"round_eliminated": -1, "joined": "2021-12-11T16:44:10.115Z"}}, {"model": "clubs.participant", "pk": 25, "fields": {"round_eliminated": -1, "joined": "2021-12-11T16:44:10.248Z"}}, {"model": "clubs.participant", "pk": 26, "fields": {"round_eliminated": -1, "joined": "2021-12-11T16:44:10.378Z"}}, {"model": "clubs.participant", "pk": 27, "fields": {"round_eliminated": -1, "joined": "2021-12-11T16:44:10.511Z"}}, {"model": "clubs.participant", "pk": 28, "fields": {"round_eliminated": -1, "joined": "2021-12-11T16:44:10.642Z"}}, {"model": "clubs.participant", "pk": 29, "fields": {"round_eliminated": -1, "joined": "2021-12-11T16:44:10.772Z"}}, {"model": "clubs.participant", "pk": 30, "fields": {"round_eliminated": -1, "joined": "2021-12-11T16:44:10.901Z"}}, {"model": "clubs.participant", "pk": 31, "fields": {"round_eliminated": -1, "joined": "2021-12-11T16:44:11.032Z"}}, {"model": "clubs.participant", "pk": 32, "fields": {"round_eliminated": -1, "joined": "2021-12-11T16:44:11.166Z"}}, {"model": "clubs.participant", "pk": 33, "fields": {"round_eliminated": -1, "joined": "2021-12-11T16:44:11.296Z"}}, {"model": "clubs.participant", "pk": 34, "fields": {"round_eliminated": -1, "joined": "2021-12-11T16:44:11.428Z"}}, {"model": "clubs.participant", "pk": 35, "fields": {"round_eliminated": -1, "joined": "2021-12-11T16:44:11.559Z"}}, {"model": "clubs.participant", "pk": 36, "fields": {"round_eliminated": -1, "joined": "2021-12-11T16:44:11.690Z"}}, {"model": "clubs.participant", "pk": 37, "fields": {"round_eliminated": -1, "joined": "2021-12-11T16:44:11.822Z"}}, {"model": "clubs.participant", "pk": 38, "fields": {"round_eliminated": -1, "joined": "2021-12-11T16:44:11.953Z"}}, {"model": "clubs.participant", "pk": 39, "fields": {"round_eliminated": -1, "joined": "2021-12-11T16:44:12.085Z"}}, {"model": "clubs.participant", "pk": 40, "fields": {"round_eliminated": -1, "joined": "2021-12-11T16:44:12.215Z"}}, {"model": "clubs.participant", "pk": 41, "fields": {"round_eliminated": -1, "joined": "2021-12-11T16:44:12.346Z"}}, {"model": "clubs.participant", "pk": 42, "fields": {"round_eliminated": -1, "joined": "2021-12-11T16:44:12.477Z"}}, {"model": "clubs.participant", "pk": 43, "fields": {"round_eliminated": -1, "joined": "2021-12-11T16:44:12.613Z"}}, {"model": "clubs.participant", "pk": 44, "fields": {"round_eliminated": -1, "joined": "2021-12-11T16:44:12.750Z"}}, {"model": "clubs.participant", "pk": 45, "fields": {"round_eliminated": -1, "joined": "2021-12-11T16:44:12.884Z"}}, {"model": "clubs.participant", "pk": 46, "fields": {"round_eliminated": -1, "joined": "2021-12-11T16:44:13.020Z"}}, {"model": "clubs.participant", "pk": 47, "fields": {"round_eliminated": -1, "joined": "2021-12-11T16:44:13.152Z"}}, {"model": "clubs.participant", "pk": 48, "fields": {"round_eliminated": -1, "joined": "2021-12-11T16:44:13.282Z"}}, {"model": "clubs.participant", "pk": 49, "fields": {"round_eliminated": -1, "joined": "2021-12-11T16:44:13.419Z"}}, {"model": "clubs.participant", "pk": 50, "fields": {"round_eliminated": -1, "joined": "2021-12-11T16:44:13.549Z"}}, {"model": "clubs.participant", "pk": 51, "fields": {"round_eliminated": -1, "joined": "2021-12-11T16:44:13.680Z"}}, {"model": "clubs.participant", "pk": 52, "fields": {"round_eliminated": -1, "joined": "2021-12-11T16:44:13.812Z"}}, {"model": "clubs.participant", "pk": 53, "fields": {"round_eliminated": -1, "joined": "2021-12-11T16:44:13.942Z"}}, {"model": "clubs.participant", "pk": 54, "fields": {"round_eliminated": -1, "joined": "2021-12-11T16:44:14.073Z"}}, {"model": "clubs.participant", "pk": 55, "fields": {"round_eliminated": -1, "joined": "2021-12-11T16:44:14.314Z"}}, {"model": "clubs.participant", "pk": 56, "fields": {"round_eliminated": -1, "joined": "2021-12-11T16:44:14.479Z"}}, {"model": "clubs.participant", "pk": 57, "fields": {"round_eliminated": -1, "joined": "2021-12-11T16:44:14.612Z"}}, {"model": "clubs.participant", "pk": 58, "fields": {"round_eliminated": -1, "joined": "2021-12-11T16:44:14.746Z"}}, {"model": "clubs.participant", "pk": 59, "fields": {"round_eliminated": -1, "joined": "2021-12-11T16:44:14.876Z"}}, {"model": "clubs.participant", "pk": 60, "fields": {"round_eliminated": -1, "joined": "2021-12-11T16:44:15.006Z"}}, {"model": "clubs.participant", "pk": 61, "fields": {"round_eliminated": -1, "joined": "2021-12-11T16:44:15.137Z"}}, {"model": "clubs.participant", "pk": 62, "fields": {"round_eliminated": -1, "joined": "2021-12-11T16:44:15.267Z"}}, {"model": "clubs.participant", "pk": 63, "fields": {"round_eliminated": -1, "joined": "2021-12-11T16:44:15.401Z"}}, {"model": "clubs.participant", "pk": 64, "fields": {"round_eliminated": -1, "joined": "2021-12-11T16:44:15.531Z"}}, {"model": "clubs.participant", "pk": 65, "fields": {"round_eliminated": -1, "joined": "2021-12-11T16:44:15.663Z"}}, {"model": "clubs.participant", "pk": 66, "fields": {"round_eliminated": -1, "joined": "2021-12-11T16:44:15.793Z"}}, {"model": "clubs.participant", "pk": 67, "fields": {"round_eliminated": -1, "joined": "2021-12-11T16:44:15.924Z"}}, {"model": "clubs.participant", "pk": 68, "fields": {"round_eliminated": -1, "joined": "2021-12-11T16:44:16.054Z"}}, {"model": "clubs.participant", "pk": 69, "fields": {"round_eliminated": -1, "joined": "2021-12-11T16:44:16.188Z"}}, {"model": "clubs.participant", "pk": 70, "fields": {"round_eliminated": -1, "joined": "2021-12-11T16:44:16.320Z"}}, {"model": "clubs.participant", "pk": 71, "fields": {"round_eliminated": -1, "joined": "2021-12-11T16:44:16.451Z"}}, {"model": "clubs.participant", "pk": 72, "fields": {"round_eliminated": -1, "joined": "2021-12-11T16:44:16.582Z"}}, {"model": "clubs.participant", "pk": 73, "fields": {"round_eliminated": -1, "joined": "2021-12-11T16:44:16.713Z"}}, {"model": "clubs.participant", "pk": 74, "fields": {"round_eliminated": -1, "joined": "2021-12-11T16:44:16.848Z"}}, {"model": "clubs.participant", "pk": 75, "fields": {"round_eliminated": -1, "joined": "2021-12-11T16:44:16.985Z"}}, {"model": "clubs.participant", "pk": 76, "fields": {"round_eliminated": -1, "joined": "2021-12-11T16:44:17.119Z"}}, {"model": "clubs.participant", "pk": 77, "fields": {"round_eliminated": -1, "joined": "2021-12-11T16:44:17.256Z"}}, {"model": "clubs.participant", "pk": 78, "fields": {"round_eliminated": -1, "joined": "2021-12-11T16:44:17.394Z"}}, {"model": "clubs.participant", "pk": 79, "fields": {"round_eliminated": -1, "joined": "2021-12-11T16:44:17.532Z"}}, {"model": "clubs.participant", "pk": 80, "fields": {"round_eliminated": -1, "joined": "2021-12-11T16:44:17.666Z"}}, {"model": "clubs.participant", "pk": 81, "fields": {"round_eliminated": -1, "joined": "2021-12-11T16:44:17.798Z"}}, {"model": "clubs.participant", "pk": 82, "fields": {"round_eliminated": -1, "joined": "2021-12-11T16:44:17.928Z"}}, {"model": "clubs.participant", "pk": 83, "fields": {"round_eliminated": -1, "joined": "2021-12-11T16:44:18.059Z"}}, {"model": "clubs.participant", "pk": 84, "fields": {"round_eliminated": -1, "joined": "2021-12-11T16:44:18.192Z"}}, {"model": "clubs.participant", "pk": 85, "fields": {"round_eliminated": -1, "joined": "2021-12-11T16:44:18.324Z"}}, {"model": "clubs.participant", "pk": 86, "fields": {"round_eliminated": -1, "joined": "2021-12-11T16:44:18.458Z"}}, {"model": "clubs.participant", "pk": 87, "fields": {"round_eliminated": -1, "joined": "2021-12-11T16:44:18.588Z"}}, {"model": "clubs.participant", "pk": 88, "fields": {"round_eliminated": -1, "joined": "2021-12-11T16:44:18.719Z"}}, {"model": "clubs.participant", "pk": 89, "fields": {"round_eliminated": -1, "joined": "2021-12-11T16:44:18.849Z"}}, {"model": "clubs.participant", "pk": 90, "fields": {"round_eliminated": -1, "joined": "2021-12-11T16:44:18.980Z"}}, {"model": "clubs.participant", "pk": 91, "fields": {"round_eliminated": -1, "joined": "2021-12-11T16:44:19.111Z"}}, {"model": "clubs.participant", "pk": 92, "fields": {"round_eliminated": -1, "joined": "2021-12-11T16:44:19.245Z"}}, {"model": "clubs.participant", "pk": 93, "fields": {"round_eliminated": -1, "joined": "2021-12-11T16:44:19.377Z"}}, {"model": "clubs.participant", "pk": 94, "fields": {"round_eliminated": -1, "joined": "2021-12-11T16:44:19.512Z"}}, {"model": "clubs.participant", "pk": 95, "fields": {"round_eliminated": -1, "joined": "2021-12-11T16:44:19.646Z"}}, {"model": "clubs.participant", "pk": 96, "fields": {"round_eliminated": -1, "joined": "2021-12-11T16:44:19.776Z"}}]